run,Coin Price,tick
1,95.86318537,1
1,96.44221136,2
1,94.47675318,3
1,93.85824935,4
1,91.63929123,5
1,91.46288101,6
1,90.132314,7
1,87.9121252,8
1,85.39465171,9
1,89.55475416,10
1,91.83384345,11
1,90.49197872,12
1,90.39558984,13
1,89.48257758,14
1,92.62861836,15
1,88.31499009,16
1,89.79689048,17
1,92.85344369,18
1,97.07519506,19
1,101.3758534,20
1,98.77730936,21
1,95.82404444,22
1,92.09621668,23
1,90.76016035,24
1,87.39992089,25
1,85.81633002,26
1,89.02241947,27
1,87.26310111,28
1,85.98452104,29
1,83.63074516,30
1,80.37455629,31
1,83.70991973,32
1,86.82283423,33
1,89.93213864,34
1,92.35929831,35
1,88.7354132,36
1,86.34981691,37
1,83.20428834,38
1,86.12915268,39
1,83.66197629,40
1,86.50295385,41
1,87.21569743,42
1,90.16718021,43
1,86.85424485,44
1,83.33280052,45
1,84.315049,46
1,84.61995654,47
1,81.89631042,48
1,79.87815479,49
1,80.47731118,50
1,82.71228003,51
1,78.89334831,52
1,81.3968415,53
1,81.66707717,54
1,80.80488748,55
1,79.65973112,56
1,77.12577564,57
1,78.45602467,58
1,80.00629467,59
1,78.3135865,60
1,81.06224236,61
1,85.03773288,62
1,85.78393103,63
1,85.13910546,64
1,87.56898512,65
1,85.21692517,66
1,82.70051544,67
1,81.01127954,68
1,84.54967231,69
1,83.01058642,70
1,85.54503575,71
1,82.43491163,72
1,84.42527136,73
1,85.40995895,74
1,85.97754457,75
1,89.85481904,76
1,93.95192548,77
1,96.63457767,78
1,97.6144881,79
1,93.0371022,80
1,96.77180794,81
1,94.8229393,82
1,93.06296525,83
1,96.58313914,84
1,96.65279637,85
1,98.27236242,86
1,100.7009858,87
1,100.7521249,88
1,97.91681752,89
1,95.09109542,90
1,95.60905971,91
1,97.99958342,92
1,102.1048994,93
1,100.5753452,94
1,96.76653954,95
1,100.866011,96
1,104.0680681,97
1,108.8956037,98
1,107.327432,99
1,105.792556,100
1,107.3944566,101
1,108.2040035,102
1,104.5364586,103
1,101.368198,104
1,99.22797474,105
1,97.15170057,106
1,100.9407513,107
1,102.0560949,108
1,99.92723932,109
1,99.94591904,110
1,99.12395519,111
1,102.6373004,112
1,101.9274132,113
1,101.0183569,114
1,101.2103354,115
1,97.65328556,116
1,95.59592222,117
1,95.8818528,118
1,98.47160553,119
1,95.47647172,120
1,98.04879369,121
1,101.3112856,122
1,100.6929643,123
1,103.7977074,124
1,101.7009816,125
1,106.0306058,126
1,106.8090893,127
1,102.058589,128
1,100.3816187,129
1,98.47943646,130
1,97.83354051,131
1,95.44958352,132
1,95.53336852,133
1,97.9311704,134
1,95.09903131,135
1,99.74157726,136
1,99.30275342,137
1,96.65912077,138
1,97.89149383,139
1,100.3815865,140
1,99.21388353,141
1,100.106319,142
1,104.125911,143
1,107.4303983,144
1,112.3133357,145
1,115.6730183,146
1,113.2247698,147
1,109.5164778,148
1,112.6853225,149
1,107.1728482,150
1,106.4869091,151
1,105.7836999,152
1,105.3233876,153
1,109.3121991,154
1,113.7635575,155
1,114.9627835,156
1,116.0469552,157
1,110.7843776,158
1,110.8264048,159
1,107.8416605,160
1,104.155282,161
1,101.7593419,162
1,99.48013808,163
1,97.51801005,164
1,97.82715073,165
1,94.69124614,166
1,94.86667888,167
1,97.26941919,168
1,100.2087748,169
1,96.73971699,170
1,101.0020634,171
1,99.7589334,172
1,96.65735169,173
1,92.71949375,174
1,88.50770841,175
1,84.83839679,176
1,87.26073789,177
1,86.60952484,178
1,90.40826391,179
1,86.80925775,180
1,82.56767271,181
1,82.58802327,182
1,80.77754344,183
1,83.87155686,184
1,80.72608569,185
1,83.51363055,186
1,80.56867415,187
1,79.25550433,188
1,78.11655599,189
1,80.68551408,190
1,79.7337673,191
1,82.07760586,192
1,78.21993625,193
1,79.86386402,194
1,82.76782773,195
1,82.53088413,196
1,82.76733512,197
1,86.87079095,198
1,86.43692035,199
1,84.92059081,200
1,85.15061557,201
1,82.60818635,202
1,84.78211988,203
1,87.8468945,204
1,86.03362829,205
1,87.64042289,206
1,86.67631643,207
1,82.41999612,208
1,84.95542479,209
1,81.20929405,210
1,83.66647721,211
1,87.28340564,212
1,88.55041763,213
1,92.60426373,214
1,95.71345783,215
1,99.27083858,216
1,102.9800603,217
1,99.46758037,218
1,95.39874315,219
1,92.4570263,220
1,91.08307222,221
1,95.15256647,222
1,96.56817291,223
1,97.16621799,224
1,96.68072484,225
1,101.2904392,226
1,99.7516135,227
1,101.9004149,228
1,98.05225118,229
1,98.86245861,230
1,96.75256947,231
1,97.01624136,232
1,98.4897396,233
1,101.2047761,234
1,96.40536246,235
1,96.77207891,236
1,99.93870334,237
1,101.9190369,238
1,104.2471663,239
1,109.2073943,240
1,110.927336,241
1,106.0607916,242
1,107.6236877,243
1,103.1210588,244
1,108.1148244,245
1,109.5016082,246
1,104.3863519,247
1,101.0537053,248
1,96.90059858,249
1,97.9886366,250
1,99.61946201,251
1,101.1399308,252
1,98.43000854,253
1,95.27154112,254
1,91.24598321,255
1,86.85907655,256
1,89.85649758,257
1,88.40117477,258
1,85.87695497,259
1,82.02607311,260
1,84.00341411,261
1,87.92958661,262
1,87.95963684,263
1,88.35456248,264
1,90.2293686,265
1,93.90682289,266
1,91.74213896,267
1,89.70265046,268
1,90.99687045,269
1,87.23183476,270
1,88.38112482,271
1,85.80895323,272
1,82.84345755,273
1,84.50966241,274
1,87.47312284,275
1,83.77719099,276
1,83.81593167,277
1,81.21157274,278
1,77.51769152,279
1,74.7832815,280
1,77.98742625,281
1,76.78661743,282
1,73.86934363,283
1,72.02742985,284
1,69.84325342,285
1,71.21251183,286
1,69.68450205,287
1,69.36748472,288
1,66.55489789,289
1,67.17070212,290
1,66.49527714,291
1,65.78118523,292
1,66.05279121,293
1,68.34362236,294
1,70.46035089,295
1,71.18299973,296
1,73.20345731,297
1,71.39451805,298
1,74.17158931,299
1,74.79112901,300
1,77.57101332,301
1,78.7770583,302
1,80.41744637,303
1,78.22923242,304
1,78.72168457,305
1,79.94064675,306
1,80.66569571,307
1,78.40145564,308
1,74.80989844,309
1,74.54352527,310
1,74.74431122,311
1,77.29461809,312
1,80.62468698,313
1,78.32326161,314
1,80.02373685,315
1,76.92311887,316
1,74.32039758,317
1,70.67931855,318
1,70.03537923,319
1,69.53256635,320
1,72.53470644,321
1,75.68966642,322
1,74.89747435,323
1,72.38074519,324
1,71.26853978,325
1,69.3599,326
1,69.28688646,327
1,72.1816662,328
1,68.83364246,329
1,68.82989698,330
1,68.88463742,331
1,71.64398951,332
1,69.40920947,333
1,70.88158662,334
1,71.87768419,335
1,73.49125466,336
1,75.91062128,337
1,74.53041204,338
1,72.57533385,339
1,74.0339255,340
1,73.94889956,341
1,76.55456885,342
1,77.61177385,343
1,76.71435723,344
1,78.23711739,345
1,82.14157203,346
1,79.45728551,347
1,78.52683942,348
1,81.11762824,349
1,84.73235516,350
1,84.39994256,351
1,87.26195337,352
1,83.8385558,353
1,82.75056834,354
1,85.92461804,355
1,87.95902987,356
1,90.98693586,357
1,93.66960825,358
1,94.71942657,359
1,95.86828001,360
1,94.91389671,361
1,94.6008677,362
1,94.02290883,363
1,93.06702317,364
1,93.10095964,365
1,97.40412172,366
1,100.4100349,367
1,102.467667,368
1,98.32404913,369
1,98.64340998,370
1,100.7351989,371
1,103.1117137,372
1,98.87479982,373
1,94.79346239,374
1,90.27678053,375
1,91.00335101,376
1,92.56179257,377
1,93.22881683,378
1,90.36494936,379
1,89.7577229,380
1,92.56488099,381
1,92.19419195,382
1,96.79470473,383
1,92.75992773,384
1,91.57016786,385
1,93.17311531,386
1,93.70337279,387
1,90.68046017,388
1,88.05223037,389
1,85.89042632,390
1,85.98017213,391
1,86.52610422,392
1,82.33994764,393
1,84.1853181,394
1,81.99900517,395
1,77.92047635,396
1,74.65330986,397
1,71.54351567,398
1,74.47734305,399
1,77.68088187,400
1,76.19470301,401
1,74.72156101,402
1,71.34686062,403
1,71.93850592,404
1,71.5001031,405
1,75.05513871,406
1,72.3628218,407
1,74.78547579,408
1,74.13080018,409
1,76.73364978,410
1,79.00940686,411
1,79.82289773,412
1,77.4065168,413
1,74.84630242,414
1,74.31232289,415
1,73.69764174,416
1,76.10136395,417
1,74.30702791,418
1,77.92745171,419
1,74.35471629,420
1,76.15432613,421
1,79.32983533,422
1,79.76614963,423
1,77.63707419,424
1,79.52080128,425
1,80.38898655,426
1,80.18791571,427
1,82.65108137,428
1,78.96952548,429
1,76.70618375,430
1,74.95388256,431
1,73.30648877,432
1,73.51360309,433
1,75.46324394,434
1,75.86334217,435
1,77.80106295,436
1,77.7047743,437
1,79.318976,438
1,75.57971543,439
1,73.72899574,440
1,70.70768099,441
1,70.7880115,442
1,71.936829,443
1,71.51023462,444
1,73.92362684,445
1,77.39618019,446
1,78.39267346,447
1,77.18169964,448
1,77.27256565,449
1,73.89100588,450
1,72.22798077,451
1,72.14537348,452
1,69.07073462,453
1,71.83730744,454
1,69.90566765,455
1,68.76993843,456
1,66.45593522,457
1,63.27919908,458
1,66.10798739,459
1,65.12134268,460
1,64.58973199,461
1,64.84203609,462
1,64.98364202,463
1,63.11755024,464
1,64.31975121,465
1,61.78772308,466
1,59.45212165,467
1,58.28611296,468
1,56.37433085,469
1,58.24237794,470
1,58.26075119,471
1,59.26636459,472
1,56.77577835,473
1,58.81315605,474
1,57.48966652,475
1,58.92627317,476
1,59.78816098,477
1,59.16878302,478
1,56.67036209,479
1,58.33998365,480
1,58.615228,481
1,60.22157421,482
1,61.54885151,483
1,64.27028371,484
1,65.67122703,485
1,67.22722271,486
1,65.33424471,487
1,62.15660949,488
1,61.18955937,489
1,59.52390164,490
1,61.6180004,491
1,60.73238713,492
1,59.05997608,493
1,57.07498051,494
1,58.28559742,495
1,60.85640201,496
1,57.87532565,497
1,60.75493315,498
1,60.9534413,499
1,63.28979278,500
3,304.972095,1
3,301.3562153,2
3,300.6672378,3
3,287.6794508,4
3,286.1266131,5
3,287.8767373,6
3,298.2210566,7
3,307.8600692,8
3,322.0397698,9
3,335.4433597,10
3,333.1859621,11
3,340.2732572,12
3,324.9541683,13
3,323.1897799,14
3,316.5551584,15
3,321.5292363,16
3,329.9164934,17
3,317.2133182,18
3,306.4187391,19
3,304.8332424,20
3,318.5644705,21
3,328.6498515,22
3,334.9737355,23
3,346.1438894,24
3,355.9273162,25
3,344.002066,26
3,355.9601144,27
3,339.721361,28
3,344.7875068,29
3,339.9763066,30
3,334.8731523,31
3,338.8846022,32
3,345.6329812,33
3,350.6399681,34
3,343.1749118,35
3,331.6903392,36
3,334.1632713,37
3,332.8385326,38
3,336.2271714,39
3,319.5410255,40
3,334.9969342,41
3,349.8551483,42
3,335.237474,43
3,335.7329678,44
3,334.217137,45
3,321.4585879,46
3,333.1868177,47
3,327.6971339,48
3,311.7487874,49
3,303.0295054,50
3,313.6118095,51
3,327.4646174,52
3,335.0481294,53
3,326.1866489,54
3,310.2045691,55
3,321.9433889,56
3,311.2264689,57
3,314.8502604,58
3,301.2781048,59
3,305.6061251,60
3,313.2137994,61
3,312.0442978,62
3,306.6850672,63
3,305.2798259,64
3,308.2569342,65
3,310.4134991,66
3,295.8435698,67
3,298.0576579,68
3,286.0131542,69
3,299.7221996,70
3,299.5176077,71
3,285.4839214,72
3,272.990963,73
3,272.0323925,74
3,284.5439287,75
3,289.3195225,76
3,283.6232727,77
3,282.9748355,78
3,279.3116006,79
3,289.0682081,80
3,284.779434,81
3,280.2196449,82
3,266.9438298,83
3,271.2427691,84
3,284.3126554,85
3,271.7026169,86
3,273.8622804,87
3,287.3539333,88
3,298.2809322,89
3,305.2315386,90
3,306.2141088,91
3,302.0921906,92
3,314.8490129,93
3,300.6761057,94
3,308.6250824,95
3,298.2244755,96
3,285.912683,97
3,297.9331716,98
3,288.6572769,99
3,299.7899671,100
3,298.6026347,101
3,298.0998114,102
3,294.1693168,103
3,285.9674574,104
3,288.6487131,105
3,276.1936974,106
3,287.8195656,107
3,275.7810706,108
3,271.7752337,109
3,273.2744709,110
3,274.1499301,111
3,275.6741721,112
3,289.1938023,113
3,285.2254764,114
3,287.0271637,115
3,280.5333935,116
3,268.2960763,117
3,264.4127203,118
3,273.6025207,119
3,268.6249695,120
3,256.4916907,121
3,243.9805198,122
3,252.0234475,123
3,258.9265309,124
3,260.4398806,125
3,267.043616,126
3,254.7192871,127
3,257.0880733,128
3,258.4823231,129
3,250.5629802,130
3,257.4419099,131
3,255.8031853,132
3,256.7369362,133
3,250.0534664,134
3,251.6971753,135
3,241.4401092,136
3,236.2831422,137
3,231.9893321,138
3,236.3423688,139
3,227.1160634,140
3,228.2084473,141
3,237.8209732,142
3,230.9302662,143
3,231.9873181,144
3,233.1642925,145
3,225.5702882,146
3,228.5219845,147
3,239.5735653,148
3,237.028311,149
3,237.2093769,150
3,245.411754,151
3,247.7217178,152
3,242.8465162,153
3,238.5006622,154
3,238.8455608,155
3,227.8430762,156
3,227.0893415,157
3,232.7511623,158
3,226.1176537,159
3,231.3043634,160
3,221.8464857,161
3,213.8916228,162
3,219.3478123,163
3,210.0546051,164
3,215.7993231,165
3,206.1964024,166
3,203.6405314,167
3,207.1362997,168
3,211.0601512,169
3,203.4500491,170
3,195.6062569,171
3,195.5634504,172
3,194.3636381,173
3,202.3901359,174
3,195.6975272,175
3,199.1314044,176
3,197.1962211,177
3,206.8356448,178
3,213.6032552,179
3,219.0817791,180
3,214.4741606,181
3,217.1457718,182
3,218.333474,183
3,214.4798205,184
3,212.8132583,185
3,213.7134506,186
3,209.6544017,187
3,202.2631067,188
3,202.4833789,189
3,211.6980128,190
3,221.0832385,191
3,222.5829095,192
3,216.3756046,193
3,205.9202125,194
3,206.1882654,195
3,202.2204932,196
3,211.2440471,197
3,207.774702,198
3,200.552299,199
3,196.8417082,200
3,193.2090279,201
3,199.7944613,202
3,204.2434327,203
3,205.4951202,204
3,198.0489432,205
3,203.7136232,206
3,206.2125437,207
3,211.0042345,208
3,211.6070266,209
3,217.2314024,210
3,210.1736414,211
3,218.6855619,212
3,217.2955314,213
3,211.9018481,214
3,210.7334644,215
3,208.2401635,216
3,210.2999599,217
3,215.9649016,218
3,212.8329559,219
3,205.9193852,220
3,214.4551106,221
3,208.4720569,222
3,207.399893,223
3,200.7082465,224
3,204.302002,225
3,213.6305407,226
3,213.4131923,227
3,211.55603,228
3,215.8944341,229
3,221.4780198,230
3,231.3880511,231
3,237.2928115,232
3,225.6911732,233
3,235.1421234,234
3,227.2712568,235
3,236.0158341,236
3,233.2281313,237
3,230.6985868,238
3,225.419132,239
3,234.7141235,240
3,227.309328,241
3,221.3244637,242
3,230.9939436,243
3,222.6645756,244
3,217.4695159,245
3,214.767496,246
3,223.9676576,247
3,224.3061184,248
3,230.0566445,249
3,225.7975415,250
3,236.5789898,251
3,245.4538912,252
3,252.6913387,253
3,244.2834291,254
3,235.2979442,255
3,223.8026362,256
3,217.1846473,257
3,222.4463418,258
3,232.9200527,259
3,229.1396921,260
3,217.8249298,261
3,222.7265765,262
3,217.0690651,263
3,214.9073544,264
3,215.4679138,265
3,223.4362566,266
3,232.0143405,267
3,239.1598154,268
3,234.6043121,269
3,242.5303703,270
3,245.3512559,271
3,256.4316404,272
3,245.3045259,273
3,246.9407868,274
3,244.872179,275
3,245.378882,276
3,234.2214258,277
3,236.9610012,278
3,247.7028155,279
3,253.3967629,280
3,247.1000091,281
3,237.970711,282
3,235.5470816,283
3,241.5102415,284
3,243.689201,285
3,247.1167701,286
3,258.6924969,287
3,259.8025049,288
3,247.7097039,289
3,253.2566634,290
3,264.1248982,291
3,271.8404947,292
3,280.6012374,293
3,280.6425578,294
3,292.4946424,295
3,278.0826788,296
3,269.8328926,297
3,274.2135175,298
3,282.7828859,299
3,289.9095262,300
3,280.4130084,301
3,267.5301658,302
3,275.3877528,303
3,287.5525475,304
3,278.9270153,305
3,291.0354202,306
3,287.9559868,307
3,280.2958945,308
3,271.9641324,309
3,266.7962968,310
3,268.6321211,311
3,262.3894992,312
3,261.4168705,313
3,266.3508503,314
3,275.2432362,315
3,273.5776917,316
3,271.4172957,317
3,279.4185944,318
3,266.1224939,319
3,272.8262457,320
3,275.4356939,321
3,266.0879814,322
3,278.918069,323
3,285.8088449,324
3,284.3850012,325
3,290.5565651,326
3,276.0749056,327
3,271.3654645,328
3,268.3645078,329
3,265.807631,330
3,277.3474966,331
3,281.9398885,332
3,272.6313568,333
3,282.7693694,334
3,296.7075885,335
3,293.2314023,336
3,294.7700908,337
3,292.0552439,338
3,299.3682822,339
3,309.8692082,340
3,301.2970905,341
3,289.0450168,342
3,284.981505,343
3,276.2834738,344
3,265.5018544,345
3,263.8082807,346
3,259.7448262,347
3,253.2539949,348
3,246.8432134,349
3,235.703061,350
3,236.0745972,351
3,246.0419442,352
3,241.3428731,353
3,247.1918062,354
3,247.9842036,355
3,248.3042797,356
3,240.4416945,357
3,237.5566737,358
3,235.8299454,359
3,233.3827,360
3,239.5702961,361
3,235.6996881,362
3,229.9090123,363
3,230.0697242,364
3,219.1728898,365
3,209.4955997,366
3,214.6054206,367
3,213.4788707,368
3,216.6059585,369
3,223.6166572,370
3,231.6500972,371
3,226.4324016,372
3,236.1301763,373
3,245.121535,374
3,238.116175,375
3,232.0372915,376
3,228.3417507,377
3,217.1670053,378
3,221.4406973,379
3,223.4782432,380
3,222.9528822,381
3,227.1971646,382
3,227.7634266,383
3,234.8452009,384
3,237.3327546,385
3,236.5646139,386
3,240.3145715,387
3,251.3572728,388
3,258.6549947,389
3,252.6082782,390
3,259.1758556,391
3,264.4993726,392
3,251.4020695,393
3,248.251311,394
3,244.6223884,395
3,250.8575303,396
3,260.1527079,397
3,249.6579598,398
3,253.5820644,399
3,255.7822195,400
3,250.012915,401
3,245.3269187,402
3,246.6247803,403
3,256.160648,404
3,243.641133,405
3,240.5569242,406
3,251.1520388,407
3,261.73299,408
3,249.8954444,409
3,257.1935657,410
3,266.6862463,411
3,262.3065418,412
3,254.2181057,413
3,254.9970777,414
3,243.6837553,415
3,254.8561755,416
3,262.152831,417
3,267.863955,418
3,260.7507344,419
3,248.4420398,420
3,237.6267921,421
3,237.9057275,422
3,232.6961955,423
3,223.7205438,424
3,230.8990182,425
3,225.2655841,426
3,216.3602916,427
3,223.7252438,428
3,222.9761681,429
3,227.1113644,430
3,221.1144992,431
3,221.0628557,432
3,219.7457185,433
3,222.6077294,434
3,232.0160243,435
3,242.7921535,436
3,235.4447806,437
3,234.9840204,438
3,228.9296101,439
3,238.5320373,440
3,247.98857,441
3,249.7323158,442
3,261.8360055,443
3,256.5192344,444
3,246.4974454,445
3,243.3443636,446
3,247.950395,447
3,255.1933527,448
3,251.7789689,449
3,255.7344568,450
3,264.009229,451
3,267.3580454,452
3,267.8468674,453
3,276.6704903,454
3,275.8943121,455
3,279.4499401,456
3,266.4800795,457
3,273.5980464,458
3,266.2450836,459
3,269.6092187,460
3,259.134832,461
3,251.7985803,462
3,256.482479,463
3,261.1170322,464
3,272.265199,465
3,275.5999541,466
3,263.6941035,467
3,269.7419039,468
3,275.3768361,469
3,270.2575013,470
3,279.4287349,471
3,290.1875834,472
3,289.8894581,473
3,298.1867664,474
3,286.2500162,475
3,279.6566877,476
3,281.3894556,477
3,285.6772666,478
3,283.0923905,479
3,291.1449148,480
3,305.1512224,481
3,316.4823783,482
3,316.8683066,483
3,315.8457101,484
3,313.4866502,485
3,298.7647513,486
3,308.2116144,487
3,318.9578499,488
3,325.7348325,489
3,326.055708,490
3,340.6003549,491
3,330.5928833,492
3,334.1652753,493
3,336.5300567,494
3,324.4946999,495
3,336.4480964,496
3,341.6064372,497
3,333.7530791,498
3,345.0630243,499
3,356.140355,500
5,509.6967429,1
5,494.1934891,2
5,500.3412219,3
5,494.367967,4
5,482.1177547,5
5,459.6727961,6
5,460.7135407,7
5,465.7985359,8
5,488.1944376,9
5,504.2453456,10
5,518.9387302,11
5,494.5562385,12
5,510.2261932,13
5,503.3021217,14
5,494.7749913,15
5,509.7326227,16
5,503.3775213,17
5,511.4469367,18
5,501.6285809,19
5,480.806778,20
5,497.4983459,21
5,489.1649064,22
5,505.1855272,23
5,527.8490751,24
5,545.3638158,25
5,534.8225448,26
5,530.5435703,27
5,546.6508102,28
5,533.1398865,29
5,554.8082495,30
5,562.7608117,31
5,553.0489718,32
5,561.5261927,33
5,575.0915783,34
5,590.7270324,35
5,619.4004541,36
5,598.178782,37
5,617.8092903,38
5,590.5235318,39
5,588.7526671,40
5,563.4120907,41
5,560.029189,42
5,564.4916215,43
5,544.1065795,44
5,521.7197035,45
5,519.0837613,46
5,533.3053128,47
5,525.47855,48
5,547.1595349,49
5,549.4384965,50
5,531.8392018,51
5,519.1101912,52
5,519.5974247,53
5,538.2940572,54
5,518.9697961,55
5,498.7290562,56
5,513.0294964,57
5,505.1511813,58
5,489.3513751,59
5,477.7399071,60
5,463.3609247,61
5,462.6669527,62
5,445.6946725,63
5,438.0705073,64
5,452.9249319,65
5,451.7482115,66
5,436.4613999,67
5,454.440446,68
5,434.6839965,69
5,428.1605795,70
5,422.7933523,71
5,432.0116387,72
5,417.7563657,73
5,402.5220651,74
5,407.6420805,75
5,395.7717741,76
5,383.955272,77
5,383.1631699,78
5,382.7394582,79
5,372.8878637,80
5,362.0936647,81
5,366.0842548,82
5,360.3765582,83
5,354.2695977,84
5,355.0095724,85
5,348.4389424,86
5,334.9882863,87
5,326.9747953,88
5,313.2015681,89
5,306.3936638,90
5,312.377783,91
5,325.7520863,92
5,332.3833616,93
5,320.764885,94
5,332.7424403,95
5,327.1133617,96
5,340.0933036,97
5,340.9674735,98
5,341.3234608,99
5,332.6587911,100
5,325.9786804,101
5,322.6787965,102
5,308.6266872,103
5,311.5891258,104
5,320.4184164,105
5,305.7690785,106
5,291.0732172,107
5,303.5462508,108
5,307.7926775,109
5,293.6619525,110
5,287.2423608,111
5,299.0856417,112
5,301.0325072,113
5,292.8947782,114
5,304.887672,115
5,310.1172462,116
5,302.7815558,117
5,295.2733489,118
5,307.5515175,119
5,322.6877013,120
5,331.8560792,121
5,334.872226,122
5,339.3872446,123
5,344.2043358,124
5,333.0961204,125
5,330.804737,126
5,339.4187038,127
5,348.5921397,128
5,339.8348686,129
5,327.7658287,130
5,312.6816298,131
5,311.1560702,132
5,305.0455482,133
5,307.0244102,134
5,291.8607785,135
5,296.2280869,136
5,300.679099,137
5,294.9985206,138
5,307.7630338,139
5,294.3223897,140
5,288.4225844,141
5,281.1314984,142
5,288.15017,143
5,293.8903929,144
5,303.9321761,145
5,295.6296838,146
5,303.9972482,147
5,295.6431848,148
5,295.6895007,149
5,293.3695015,150
5,279.4318638,151
5,271.0504778,152
5,267.4554706,153
5,259.1360025,154
5,272.0877322,155
5,261.5614684,156
5,273.2887691,157
5,282.9205558,158
5,291.2602385,159
5,295.7742786,160
5,288.5885118,161
5,299.666418,162
5,312.4992207,163
5,302.9439589,164
5,316.5258691,165
5,303.6390383,166
5,307.4318575,167
5,315.6378436,168
5,307.606557,169
5,304.5228058,170
5,310.1510495,171
5,303.3833415,172
5,300.3846932,173
5,313.044087,174
5,318.6144492,175
5,309.285252,176
5,310.4260569,177
5,301.0884992,178
5,314.2277687,179
5,304.5158815,180
5,299.8201026,181
5,313.9532783,182
5,308.6038245,183
5,313.8170076,184
5,309.9275484,185
5,305.2712806,186
5,297.7424674,187
5,284.0374095,188
5,279.9382644,189
5,292.06926,190
5,287.5847849,191
5,286.6045361,192
5,295.908792,193
5,285.6346629,194
5,293.9586818,195
5,298.158235,196
5,285.0460918,197
5,296.4191516,198
5,296.4488595,199
5,294.6375091,200
5,289.0624095,201
5,282.1982776,202
5,276.8363082,203
5,285.6633963,204
5,294.7347036,205
5,297.7197454,206
5,303.5381644,207
5,297.1857877,208
5,290.0596725,209
5,288.0886441,210
5,289.4535642,211
5,286.4341082,212
5,293.8206357,213
5,297.2607628,214
5,282.7181853,215
5,269.3437132,216
5,282.0138879,217
5,282.4091263,218
5,289.0383466,219
5,282.8729862,220
5,270.7544483,221
5,263.5457642,222
5,275.7157632,223
5,288.7994418,224
5,300.5013909,225
5,291.281673,226
5,279.8455078,227
5,279.0588265,228
5,277.465546,229
5,287.9108333,230
5,282.8218275,231
5,287.9574899,232
5,300.3073395,233
5,296.6942591,234
5,283.8936937,235
5,276.6156987,236
5,280.546741,237
5,272.2918031,238
5,265.7606839,239
5,267.666365,240
5,260.7292331,241
5,258.2964665,242
5,262.3168817,243
5,258.0812924,244
5,251.3987408,245
5,255.5115232,246
5,264.1026467,247
5,264.6363798,248
5,264.665317,249
5,265.2797124,250
5,260.6702275,251
5,273.0044147,252
5,278.0707827,253
5,266.5866872,254
5,278.36592,255
5,288.6426257,256
5,297.5145407,257
5,307.0212523,258
5,321.4857788,259
5,332.1312375,260
5,334.4014469,261
5,319.1288869,262
5,308.8670197,263
5,297.9364938,264
5,302.8082362,265
5,309.3239663,266
5,313.0278306,267
5,306.5147391,268
5,299.3333129,269
5,290.0637053,270
5,302.7084137,271
5,310.5618873,272
5,311.9542864,273
5,299.4923831,274
5,303.6493757,275
5,297.1499016,276
5,311.294153,277
5,322.800395,278
5,326.2722725,279
5,313.6325349,280
5,320.3769561,281
5,317.6883182,282
5,311.7036785,283
5,322.4690473,284
5,322.6201689,285
5,325.1402709,286
5,323.4359167,287
5,329.8319282,288
5,328.2975206,289
5,324.8057112,290
5,324.2896943,291
5,309.8158462,292
5,312.2630308,293
5,319.2178788,294
5,307.4948412,295
5,295.2055364,296
5,282.0286375,297
5,268.5106925,298
5,279.8374251,299
5,280.6991866,300
5,294.0475048,301
5,289.8208502,302
5,285.4107606,303
5,285.5243656,304
5,289.7515938,305
5,290.5802306,306
5,297.6320386,307
5,286.0021657,308
5,284.0898105,309
5,290.6169622,310
5,285.7908618,311
5,284.8701284,312
5,296.1107662,313
5,292.6580146,314
5,282.7886603,315
5,290.4147457,316
5,277.069574,317
5,287.4097709,318
5,285.6630202,319
5,284.1189963,320
5,276.4525208,321
5,278.8175078,322
5,274.9071411,323
5,281.9346311,324
5,290.4651147,325
5,280.0875995,326
5,270.9647534,327
5,271.5610284,328
5,268.1537665,329
5,266.7001509,330
5,261.677848,331
5,269.1838031,332
5,278.9962996,333
5,271.5205374,334
5,284.529846,335
5,270.857764,336
5,263.1155974,337
5,265.9427583,338
5,275.5555714,339
5,262.0395006,340
5,273.2380216,341
5,260.2036512,342
5,256.4327576,343
5,252.1101394,344
5,246.9888303,345
5,235.8905573,346
5,240.3188313,347
5,243.3814445,348
5,252.4608542,349
5,259.9805595,350
5,254.5623087,351
5,244.9323529,352
5,238.4180379,353
5,242.9725855,354
5,235.7508119,355
5,225.917571,356
5,233.5079973,357
5,233.7790011,358
5,240.641633,359
5,229.5613217,360
5,231.5515751,361
5,230.9023261,362
5,240.0990715,363
5,245.0317986,364
5,245.0671507,365
5,243.3383863,366
5,246.1738512,367
5,245.8002191,368
5,236.9777065,369
5,230.7688113,370
5,236.6471861,371
5,247.0509556,372
5,240.669125,373
5,241.050286,374
5,249.8301169,375
5,260.5384326,376
5,255.8829384,377
5,249.3464522,378
5,248.1372097,379
5,248.4114447,380
5,257.3358037,381
5,262.6489022,382
5,259.4453249,383
5,251.90683,384
5,243.028615,385
5,243.1487486,386
5,243.9783153,387
5,238.5258012,388
5,231.4746914,389
5,237.3189379,390
5,234.7925293,391
5,243.9695574,392
5,252.0659064,393
5,246.0215159,394
5,255.901123,395
5,250.4196714,396
5,247.6001543,397
5,251.9109994,398
5,242.4007257,399
5,252.0415465,400
5,243.5705323,401
5,253.6791415,402
5,254.2000493,403
5,244.8496977,404
5,233.8971889,405
5,244.0650224,406
5,245.6573229,407
5,244.7768273,408
5,241.4565431,409
5,241.4609084,410
5,249.4731729,411
5,251.8533202,412
5,257.9639542,413
5,263.2261551,414
5,267.602009,415
5,273.004278,416
5,278.5092256,417
5,283.3672081,418
5,269.9712306,419
5,269.3196373,420
5,262.2209026,421
5,266.2360652,422
5,260.0836337,423
5,270.4622403,424
5,260.2375652,425
5,270.2814828,426
5,269.9417636,427
5,262.0103153,428
5,271.5649115,429
5,272.7258298,430
5,278.7996434,431
5,292.3952915,432
5,297.0008956,433
5,302.5712772,434
5,309.545023,435
5,296.9894762,436
5,289.3388748,437
5,295.006108,438
5,299.2980084,439
5,312.7065029,440
5,305.9596238,441
5,314.6386437,442
5,320.516901,443
5,334.8452044,444
5,330.1147883,445
5,317.8821364,446
5,303.0397404,447
5,305.6864325,448
5,293.5278742,449
5,292.0060863,450
5,298.0273203,451
5,289.1481041,452
5,284.0400916,453
5,276.4025163,454
5,288.2381299,455
5,294.2673124,456
5,287.8824337,457
5,285.3796056,458
5,288.307725,459
5,274.4283204,460
5,262.4990964,461
5,263.5089496,462
5,274.438589,463
5,278.110952,464
5,287.2393576,465
5,290.7728,466
5,305.1039395,467
5,291.6088793,468
5,284.2960382,469
5,293.4652067,470
5,296.7666086,471
5,311.2770902,472
5,305.3105269,473
5,292.9388119,474
5,296.1443057,475
5,304.701776,476
5,317.8060336,477
5,324.1762911,478
5,311.8304041,479
5,326.695802,480
5,317.7013302,481
5,308.1460951,482
5,295.6308462,483
5,303.6229454,484
5,297.2157152,485
5,309.6864938,486
5,317.0760074,487
5,331.3842701,488
5,346.4114279,489
5,332.5801279,490
5,335.6620761,491
5,351.9900849,492
5,353.5406032,493
5,343.3802315,494
5,327.8877704,495
5,316.4365207,496
5,321.4397887,497
5,318.0658304,498
5,320.1768023,499
5,331.622334,500
7,705.0491373,1
7,728.303871,2
7,758.9814128,3
7,767.0446832,4
7,785.7581949,5
7,755.1227129,6
7,760.4366603,7
7,792.0215043,8
7,784.1687954,9
7,759.5411755,10
7,779.3778596,11
7,807.818204,12
7,795.7582377,13
7,782.2083434,14
7,792.8477606,15
7,782.4337324,16
7,758.2877229,17
7,737.2995748,18
7,763.2903653,19
7,741.7450749,20
7,777.6651588,21
7,769.8222545,22
7,767.8726257,23
7,739.021153,24
7,744.7985803,25
7,748.9266323,26
7,774.5493946,27
7,810.6162523,28
7,841.8093366,29
7,819.3924327,30
7,826.3563379,31
7,847.3909719,32
7,850.8350746,33
7,824.1008607,34
7,824.6578123,35
7,833.4460739,36
7,871.7921825,37
7,861.7797039,38
7,895.2354835,39
7,857.7640852,40
7,827.4777244,41
7,837.6555076,42
7,834.2409662,43
7,859.8179448,44
7,827.8306263,45
7,861.4452893,46
7,830.4894096,47
7,871.958246,48
7,883.9514295,49
7,899.2957898,50
7,897.4684414,51
7,938.4304151,52
7,911.3048869,53
7,938.81343,54
7,959.4092546,55
7,955.2240879,56
7,962.0921566,57
7,982.846058,58
7,950.654505,59
7,940.162128,60
7,947.0519401,61
7,961.851111,62
7,1006.951495,63
7,991.3059564,64
7,950.3853022,65
7,967.1223392,66
7,993.7716776,67
7,995.8723742,68
7,1045.067991,69
7,1067.684126,70
7,1020.18222,71
7,1024.835516,72
7,1006.6302,73
7,1035.911041,74
7,984.1419575,75
7,1032.42442,76
7,1043.378539,77
7,1039.712572,78
7,1044.266124,79
7,1072.420358,80
7,1113.292781,81
7,1106.556388,82
7,1061.299997,83
7,1099.767771,84
7,1111.097592,85
7,1095.698447,86
7,1059.724693,87
7,1096.74611,88
7,1074.712674,89
7,1124.03823,90
7,1148.719565,91
7,1111.489347,92
7,1165.415652,93
7,1189.732927,94
7,1220.959487,95
7,1213.970319,96
7,1229.289954,97
7,1172.849065,98
7,1155.256818,99
7,1107.825813,100
7,1136.940777,101
7,1184.176168,102
7,1228.903622,103
7,1243.855403,104
7,1297.092648,105
7,1284.739711,106
7,1331.669991,107
7,1382.216018,108
7,1345.43975,109
7,1399.520131,110
7,1409.599262,111
7,1422.732512,112
7,1385.560779,113
7,1404.807574,114
7,1354.450829,115
7,1289.839135,116
7,1332.944976,117
7,1384.266591,118
7,1429.03928,119
7,1368.465512,120
7,1327.37865,121
7,1287.958844,122
7,1330.899149,123
7,1273.37052,124
7,1257.115408,125
7,1266.369599,126
7,1306.585402,127
7,1339.521758,128
7,1339.502506,129
7,1348.996671,130
7,1320.741623,131
7,1341.389558,132
7,1402.365321,133
7,1337.677195,134
7,1321.458697,135
7,1285.658842,136
7,1233.742775,137
7,1293.480052,138
7,1271.691638,139
7,1210.392536,140
7,1175.081132,141
7,1195.000588,142
7,1138.346151,143
7,1125.556311,144
7,1178.205251,145
7,1214.538468,146
7,1196.710459,147
7,1182.289852,148
7,1171.124195,149
7,1221.427927,150
7,1236.464282,151
7,1227.13609,152
7,1280.269403,153
7,1334.264468,154
7,1285.516444,155
7,1246.806058,156
7,1198.096787,157
7,1199.408897,158
7,1205.919944,159
7,1245.676334,160
7,1190.193852,161
7,1179.630866,162
7,1161.514127,163
7,1199.758919,164
7,1151.955516,165
7,1187.068765,166
7,1152.772382,167
7,1185.449353,168
7,1236.547147,169
7,1230.797244,170
7,1206.557056,171
7,1203.583821,172
7,1214.707885,173
7,1225.130447,174
7,1269.185112,175
7,1241.856082,176
7,1251.962129,177
7,1239.769433,178
7,1248.014056,179
7,1210.412902,180
7,1150.08743,181
7,1179.526751,182
7,1202.296167,183
7,1235.443352,184
7,1176.505076,185
7,1217.152526,186
7,1178.743919,187
7,1136.902067,188
7,1123.698949,189
7,1074.600421,190
7,1087.913851,191
7,1072.017866,192
7,1114.367442,193
7,1091.301845,194
7,1076.442938,195
7,1070.332077,196
7,1107.455984,197
7,1064.19965,198
7,1041.319554,199
7,1019.230626,200
7,1012.238203,201
7,1058.827631,202
7,1017.715445,203
7,1015.887026,204
7,1056.804111,205
7,1009.779877,206
7,1058.636529,207
7,1010.358998,208
7,972.4286437,209
7,972.2225167,210
7,1005.745281,211
7,1033.716676,212
7,1051.069499,213
7,1046.429487,214
7,1030.814987,215
7,1047.081327,216
7,1025.84765,217
7,1048.078917,218
7,1046.5861,219
7,1011.333626,220
7,980.9756522,221
7,989.1831754,222
7,1034.320103,223
7,1046.672876,224
7,1025.950714,225
7,1044.186381,226
7,1063.320924,227
7,1043.211373,228
7,1073.32443,229
7,1041.917331,230
7,1090.106744,231
7,1132.890859,232
7,1099.272018,233
7,1128.749545,234
7,1083.868676,235
7,1084.510602,236
7,1079.40748,237
7,1105.387083,238
7,1088.038986,239
7,1053.909325,240
7,1054.867141,241
7,1026.649497,242
7,1062.670322,243
7,1109.640079,244
7,1137.790269,245
7,1088.174956,246
7,1037.137224,247
7,1088.523095,248
7,1083.744704,249
7,1100.060995,250
7,1059.694905,251
7,1108.675038,252
7,1117.55987,253
7,1113.144031,254
7,1064.538102,255
7,1022.253814,256
7,1005.145578,257
7,1029.397925,258
7,1021.960786,259
7,997.2363055,260
7,1016.621821,261
7,1000.553684,262
7,963.3495684,263
7,950.8566545,264
7,985.7964698,265
7,1034.908822,266
7,1017.675744,267
7,1060.653132,268
7,1008.968557,269
7,1046.758981,270
7,1000.336633,271
7,1017.899683,272
7,975.8196018,273
7,998.2199719,274
7,963.1359459,275
7,986.4403984,276
7,1015.573644,277
7,1035.93177,278
7,1085.990584,279
7,1038.642671,280
7,1082.637168,281
7,1126.701221,282
7,1111.581901,283
7,1132.629814,284
7,1172.93997,285
7,1129.567356,286
7,1169.628949,287
7,1151.273864,288
7,1140.63863,289
7,1164.756067,290
7,1222.616768,291
7,1234.023436,292
7,1225.711268,293
7,1259.567127,294
7,1292.627421,295
7,1303.739031,296
7,1247.746142,297
7,1267.67599,298
7,1212.297282,299
7,1242.913022,300
7,1245.122139,301
7,1223.746177,302
7,1262.340302,303
7,1283.960104,304
7,1260.337042,305
7,1208.087976,306
7,1205.219738,307
7,1163.95383,308
7,1150.693843,309
7,1098.968814,310
7,1129.577585,311
7,1122.410833,312
7,1122.479938,313
7,1094.212131,314
7,1132.855311,315
7,1130.369978,316
7,1118.989713,317
7,1146.594295,318
7,1119.440437,319
7,1127.930567,320
7,1079.010406,321
7,1030.8209,322
7,1052.848548,323
7,1086.641112,324
7,1137.639229,325
7,1143.473454,326
7,1157.335833,327
7,1157.689707,328
7,1146.733774,329
7,1139.425106,330
7,1129.52506,331
7,1094.03843,332
7,1146.986427,333
7,1174.575309,334
7,1145.384189,335
7,1165.463752,336
7,1163.144071,337
7,1184.66869,338
7,1224.152183,339
7,1169.728749,340
7,1218.747291,341
7,1242.759101,342
7,1264.349425,343
7,1267.94382,344
7,1263.671744,345
7,1262.754916,346
7,1209.642214,347
7,1266.478703,348
7,1309.218404,349
7,1345.999408,350
7,1393.726916,351
7,1370.205397,352
7,1402.702331,353
7,1376.774451,354
7,1362.273032,355
7,1365.678513,356
7,1385.667887,357
7,1334.202035,358
7,1333.40217,359
7,1379.51037,360
7,1431.875934,361
7,1362.019119,362
7,1310.886074,363
7,1285.571411,364
7,1270.17795,365
7,1309.280565,366
7,1307.834436,367
7,1311.737327,368
7,1330.550816,369
7,1385.85195,370
7,1444.333074,371
7,1435.37946,372
7,1490.278599,373
7,1480.500862,374
7,1442.860847,375
7,1405.298932,376
7,1468.858536,377
7,1482.104324,378
7,1552.377029,379
7,1612.651118,380
7,1562.423786,381
7,1489.878961,382
7,1430.733494,383
7,1414.20891,384
7,1391.717369,385
7,1410.411882,386
7,1461.608988,387
7,1482.285807,388
7,1494.068951,389
7,1503.441737,390
7,1456.445155,391
7,1435.198496,392
7,1477.253738,393
7,1492.887609,394
7,1496.989187,395
7,1504.048062,396
7,1561.43584,397
7,1492.79014,398
7,1459.123148,399
7,1401.455592,400
7,1335.88604,401
7,1351.915403,402
7,1406.416306,403
7,1392.231954,404
7,1341.715799,405
7,1375.429347,406
7,1317.545655,407
7,1307.26961,408
7,1301.336975,409
7,1318.287547,410
7,1283.959574,411
7,1252.541611,412
7,1241.022602,413
7,1218.470749,414
7,1236.145155,415
7,1295.67574,416
7,1331.009346,417
7,1302.361895,418
7,1343.612779,419
7,1373.570785,420
7,1347.108535,421
7,1361.823516,422
7,1303.186512,423
7,1325.363402,424
7,1279.827703,425
7,1307.680454,426
7,1249.578193,427
7,1266.306696,428
7,1299.81166,429
7,1273.645881,430
7,1220.374957,431
7,1269.638506,432
7,1301.170948,433
7,1311.535291,434
7,1326.10195,435
7,1275.637783,436
7,1229.904003,437
7,1169.914581,438
7,1193.173434,439
7,1234.831485,440
7,1264.19996,441
7,1221.222031,442
7,1206.038085,443
7,1179.760704,444
7,1205.920266,445
7,1219.751875,446
7,1215.585324,447
7,1175.015485,448
7,1219.242429,449
7,1161.122958,450
7,1170.363278,451
7,1151.656904,452
7,1205.450574,453
7,1199.480222,454
7,1148.302148,455
7,1164.546694,456
7,1181.7725,457
7,1169.897543,458
7,1117.621754,459
7,1099.784911,460
7,1079.416028,461
7,1059.065307,462
7,1017.267036,463
7,1008.810911,464
7,1013.44687,465
7,1062.435221,466
7,1063.227695,467
7,1053.999436,468
7,1037.709209,469
7,1026.243621,470
7,1029.465088,471
7,1035.751057,472
7,1052.395003,473
7,1035.157639,474
7,1000.908411,475
7,1040.657061,476
7,1077.520136,477
7,1046.33412,478
7,1044.01376,479
7,1067.485163,480
7,1054.042133,481
7,1037.778134,482
7,1035.800258,483
7,991.2011722,484
7,1031.197056,485
7,1074.356816,486
7,1091.682196,487
7,1144.009539,488
7,1199.130557,489
7,1188.233093,490
7,1136.333219,491
7,1118.948052,492
7,1158.248427,493
7,1106.143002,494
7,1156.186038,495
7,1103.974898,496
7,1118.754401,497
7,1148.424873,498
7,1153.720963,499
7,1189.278127,500
9,885.3466129,1
9,849.789798,2
9,823.061276,3
9,849.0417767,4
9,865.9245038,5
9,843.2539807,6
9,841.8330327,7
9,861.5957256,8
9,821.0213512,9
9,825.1008768,10
9,791.287359,11
9,819.111303,12
9,818.3924956,13
9,826.8742641,14
9,842.0016081,15
9,833.1211479,16
9,822.3259755,17
9,806.0643517,18
9,766.2851023,19
9,763.1826737,20
9,792.9855184,21
9,793.0852616,22
9,769.0826223,23
9,758.1897944,24
9,769.901775,25
9,784.8528231,26
9,802.684043,27
9,784.9241654,28
9,759.9129686,29
9,752.8524418,30
9,716.8657152,31
9,702.8450954,32
9,683.414478,33
9,705.4260598,34
9,696.1100005,35
9,681.4396367,36
9,683.4346877,37
9,660.3107159,38
9,664.5044627,39
9,675.3939505,40
9,700.713374,41
9,727.6526546,42
9,707.8658213,43
9,714.4443633,44
9,732.3621046,45
9,754.9487461,46
9,731.3029402,47
9,718.7835035,48
9,688.6929264,49
9,672.1584558,50
9,643.4090006,51
9,618.8595153,52
9,632.4570162,53
9,620.3648588,54
9,649.9718523,55
9,633.5128805,56
9,610.8880088,57
9,603.2624748,58
9,586.1480091,59
9,568.0915206,60
9,556.4007413,61
9,556.1233904,62
9,549.8347569,63
9,532.3516943,64
9,552.1025514,65
9,546.8019588,66
9,552.6674971,67
9,573.194782,68
9,570.4496381,69
9,564.4718619,70
9,574.4976874,71
9,599.9189824,72
9,573.3107929,73
9,563.0127496,74
9,547.5438031,75
9,548.0385289,76
9,539.9251001,77
9,559.9897245,78
9,534.0267889,79
9,540.1952142,80
9,542.5278391,81
9,558.7737239,82
9,540.0862656,83
9,565.673182,84
9,575.2569372,85
9,601.7761915,86
9,583.8311114,87
9,561.0339636,88
9,554.4623277,89
9,573.9889388,90
9,593.1457611,91
9,621.0875026,92
9,614.395827,93
9,628.4169306,94
9,648.3330057,95
9,659.7672567,96
9,686.0638772,97
9,682.4296031,98
9,704.9563124,99
9,684.4243661,100
9,679.3962955,101
9,674.792984,102
9,668.1358198,103
9,662.4280793,104
9,654.5531714,105
9,630.9291521,106
9,656.2536012,107
9,645.835388,108
9,674.6227446,109
9,674.2213872,110
9,654.5098974,111
9,650.2449624,112
9,620.624541,113
9,591.932446,114
9,565.5205718,115
9,589.7749528,116
9,561.4157883,117
9,578.7397527,118
9,567.5324541,119
9,581.5235809,120
9,575.1749183,121
9,564.9306823,122
9,565.8774172,123
9,567.004776,124
9,564.5903581,125
9,554.1410183,126
9,551.7953159,127
9,558.7780318,128
9,534.8846757,129
9,532.0543078,130
9,543.4012767,131
9,529.3793517,132
9,544.5688542,133
9,527.9969939,134
9,548.8397203,135
9,530.262453,136
9,554.3382492,137
9,579.4513722,138
9,574.6499825,139
9,579.1097027,140
9,583.836519,141
9,564.7137291,142
9,538.7254218,143
9,526.7045313,144
9,531.2822662,145
9,538.5957476,146
9,512.256705,147
9,502.2955283,148
9,508.1699723,149
9,493.2919892,150
9,479.9810115,151
9,464.0582021,152
9,464.2456239,153
9,462.1688872,154
9,477.3367133,155
9,497.310855,156
9,494.1802937,157
9,488.4692548,158
9,496.5867957,159
9,519.9562668,160
9,527.5249378,161
9,511.5154838,162
9,520.0002187,163
9,536.8700165,164
9,521.5874911,165
9,511.7695982,166
9,513.5877791,167
9,516.3711352,168
9,496.6610688,169
9,486.2131977,170
9,510.2104881,171
9,487.4888991,172
9,477.971711,173
9,481.3121378,174
9,463.4727266,175
9,479.9915504,176
9,499.474944,177
9,493.0563316,178
9,473.0526319,179
9,450.1590743,180
9,430.210903,181
9,444.8354203,182
9,452.60924,183
9,443.6341098,184
9,465.7750994,185
9,446.7016857,186
9,425.9025374,187
9,430.2934034,188
9,422.8231421,189
9,439.2331163,190
9,460.0222888,191
9,474.0474201,192
9,475.4899442,193
9,492.2549424,194
9,515.877132,195
9,541.4485521,196
9,534.234837,197
9,518.3708276,198
9,506.4237404,199
9,501.8939702,200
9,521.2515079,201
9,541.2731265,202
9,514.9662188,203
9,539.5709057,204
9,531.4204744,205
9,547.7183231,206
9,564.6276165,207
9,559.7045944,208
9,559.7831727,209
9,554.5713617,210
9,552.09075,211
9,574.2528346,212
9,560.7443482,213
9,585.9990269,214
9,589.5145502,215
9,585.068309,216
9,563.1150985,217
9,561.2710978,218
9,569.1675505,219
9,588.0172308,220
9,562.4744298,221
9,570.7404438,222
9,567.591535,223
9,583.4425584,224
9,591.834415,225
9,586.4922384,226
9,566.500754,227
9,580.2809017,228
9,603.2469725,229
9,607.5234857,230
9,623.7366877,231
9,626.2892053,232
9,648.2917699,233
9,637.7084582,234
9,628.0424746,235
9,607.5232748,236
9,618.3444742,237
9,635.2693299,238
9,619.6931097,239
9,644.2594282,240
9,664.0918611,241
9,661.8137651,242
9,645.0654957,243
9,657.207552,244
9,683.4013683,245
9,658.253571,246
9,690.6183436,247
9,684.5932621,248
9,701.8561239,249
9,711.5443779,250
9,700.3892148,251
9,685.5937672,252
9,687.2640695,253
9,666.2854215,254
9,678.9691228,255
9,702.1440608,256
9,721.0239675,257
9,717.1026612,258
9,708.4807673,259
9,743.7542968,260
9,716.1540441,261
9,683.3215183,262
9,671.8860814,263
9,644.8700061,264
9,623.1813742,265
9,595.4929478,266
9,584.928867,267
9,610.1008312,268
9,584.8221844,269
9,565.3588983,270
9,551.2522289,271
9,558.4204202,272
9,584.3494706,273
9,582.3381996,274
9,568.3292045,275
9,565.7982189,276
9,554.6993375,277
9,542.409245,278
9,521.3257939,279
9,509.2429861,280
9,493.4394938,281
9,500.2003775,282
9,506.7223142,283
9,502.1951996,284
9,511.1773631,285
9,516.655958,286
9,518.2397783,287
9,507.5729726,288
9,516.0095113,289
9,497.69202,290
9,484.8011141,291
9,462.0861946,292
9,454.3793845,293
9,464.0621735,294
9,477.8749548,295
9,457.500343,296
9,460.0395309,297
9,474.535697,298
9,471.8823419,299
9,459.7387357,300
9,456.2180698,301
9,447.3568319,302
9,460.2335139,303
9,457.1234005,304
9,436.431384,305
9,457.2560897,306
9,475.1697716,307
9,478.6477616,308
9,486.5733002,309
9,508.6458264,310
9,496.314517,311
9,477.1129999,312
9,456.3172108,313
9,466.5920971,314
9,450.1218472,315
9,429.3777677,316
9,445.9804839,317
9,457.031809,318
9,460.5587098,319
9,457.0970741,320
9,453.7377182,321
9,436.7340729,322
9,418.5248397,323
9,415.2072743,324
9,394.5203414,325
9,402.0233128,326
9,390.6181335,327
9,375.1207823,328
9,374.0647771,329
9,367.7115319,330
9,371.6183802,331
9,366.7919769,332
9,384.435545,333
9,401.0658755,334
9,411.2998294,335
9,416.7720509,336
9,422.5324618,337
9,438.9069626,338
9,459.6672657,339
9,465.9482955,340
9,470.5955497,341
9,476.0922781,342
9,483.358907,343
9,493.785612,344
9,508.0203043,345
9,495.9836001,346
9,471.3204493,347
9,477.4901186,348
9,469.4169339,349
9,464.8558368,350
9,470.9404136,351
9,451.9205066,352
9,444.8601999,353
9,458.0866827,354
9,476.9562901,355
9,481.9542266,356
9,460.7495852,357
9,450.4747803,358
9,460.2064652,359
9,467.0236369,360
9,489.3690616,361
9,485.2129683,362
9,476.8183379,363
9,492.0356305,364
9,513.7097098,365
9,522.5849781,366
9,519.7802297,367
9,541.7142339,368
9,527.941926,369
9,553.8494159,370
9,545.5216941,371
9,532.6071207,372
9,515.5688984,373
9,526.3962608,374
9,519.9369279,375
9,497.0533981,376
9,497.6084833,377
9,511.7459823,378
9,505.4735862,379
9,499.0506704,380
9,502.8993855,381
9,496.7707389,382
9,509.3447112,383
9,521.2879663,384
9,538.4255455,385
9,523.3791501,386
9,541.6085224,387
9,518.9028196,388
9,499.9314084,389
9,486.5447125,390
9,467.2351294,391
9,462.9599861,392
9,445.6304677,393
9,437.973649,394
9,416.3124618,395
9,420.5802557,396
9,403.0094643,397
9,384.9190397,398
9,369.591295,399
9,358.7037738,400
9,361.7746091,401
9,373.655678,402
9,376.7865106,403
9,382.8337397,404
9,396.9289131,405
9,384.7224924,406
9,371.9837909,407
9,385.2785263,408
9,374.9489978,409
9,360.3751414,410
9,361.3934503,411
9,374.2899529,412
9,374.0854854,413
9,357.0042976,414
9,342.1264135,415
9,351.4783693,416
9,349.9831971,417
9,336.9732079,418
9,331.17077,419
9,333.8609806,420
9,328.1722273,421
9,342.0045614,422
9,341.4721562,423
9,357.2892564,424
9,374.5673292,425
9,380.4877141,426
9,380.0849552,427
9,378.5282318,428
9,392.082191,429
9,403.4740962,430
9,392.430771,431
9,407.577446,432
9,417.6850173,433
9,420.1427817,434
9,429.624991,435
9,422.7474799,436
9,417.9265206,437
9,424.6280649,438
9,435.2084657,439
9,427.6581147,440
9,424.8032461,441
9,417.1425559,442
9,401.9273027,443
9,420.0707406,444
9,429.5288423,445
9,429.5589945,446
9,411.5507368,447
9,426.4563888,448
9,434.4020772,449
9,415.8102577,450
9,404.0920486,451
9,392.9256914,452
9,383.939565,453
9,393.3627236,454
9,403.1354494,455
9,405.2024362,456
9,415.2140237,457
9,398.9701524,458
9,393.5140427,459
9,385.2381125,460
9,399.771688,461
9,381.5960011,462
9,366.2065567,463
9,357.4099725,464
9,354.5931954,465
9,347.9046376,466
9,357.1224046,467
9,349.3386836,468
9,346.8244845,469
9,338.4755454,470
9,328.3119372,471
9,326.2679312,472
9,317.3187856,473
9,319.3084968,474
9,311.1307769,475
9,303.9617886,476
9,315.060645,477
9,304.7889514,478
9,304.6964026,479
9,311.1009975,480
9,319.5958558,481
9,329.1891225,482
9,330.6592891,483
9,344.4668809,484
9,331.9087832,485
9,318.5843021,486
9,327.5298443,487
9,317.2941289,488
9,328.2218803,489
9,323.8590443,490
9,331.373665,491
9,327.2434707,492
9,315.6884155,493
9,319.9512513,494
9,326.5180118,495
9,312.9126857,496
9,313.2071919,497
9,306.8571645,498
9,294.7736759,499
9,296.3264164,500
2,194.6101513,1
2,190.8893728,2
2,187.6449285,3
2,184.2686827,4
2,190.2375784,5
2,194.6974393,6
2,193.0257578,7
2,198.5056832,8
2,203.3081514,9
2,201.4296925,10
2,197.307524,11
2,189.2444575,12
2,190.4583889,13
2,198.1192619,14
2,201.6633746,15
2,192.5679064,16
2,188.6925747,17
2,195.0943568,18
2,188.777475,19
2,192.0759898,20
2,183.1063284,21
2,187.5768926,22
2,178.821876,23
2,184.1379265,24
2,180.4574387,25
2,183.9315618,26
2,190.4649898,27
2,197.8910617,28
2,201.3915733,29
2,192.8247054,30
2,187.8932568,31
2,191.6422402,32
2,189.3383444,33
2,191.7250052,34
2,194.5616792,35
2,195.1306781,36
2,186.0833063,37
2,193.4912724,38
2,185.0523333,39
2,187.649826,40
2,196.5127034,41
2,199.4673565,42
2,195.0391336,43
2,195.2790799,44
2,204.0861891,45
2,196.2367847,46
2,204.4191761,47
2,198.3465451,48
2,195.0355217,49
2,203.8141181,50
2,208.4394753,51
2,208.1703738,52
2,218.2308846,53
2,209.5646614,54
2,219.1087048,55
2,218.869584,56
2,226.0269325,57
2,233.3792015,58
2,237.243306,59
2,241.0398653,60
2,239.3213064,61
2,244.8275286,62
2,243.4780961,63
2,253.9957425,64
2,250.0699137,65
2,259.5968396,66
2,249.551614,67
2,252.4614025,68
2,239.9931242,69
2,241.8779538,70
2,242.6780953,71
2,242.8064373,72
2,253.9518511,73
2,261.9117448,74
2,253.1464024,75
2,245.3521615,76
2,245.3050744,77
2,234.2882153,78
2,245.6087901,79
2,252.1280827,80
2,254.5297737,81
2,255.2853954,82
2,244.0939375,83
2,236.6389592,84
2,226.2044432,85
2,225.481394,86
2,226.0310627,87
2,233.9348402,88
2,232.6663681,89
2,242.7372036,90
2,251.3189054,91
2,246.4852201,92
2,238.2248148,93
2,230.1745639,94
2,221.0224286,95
2,225.6652709,96
2,226.7963374,97
2,219.8131553,98
2,228.2601987,99
2,217.7006364,100
2,207.5733603,101
2,206.8043478,102
2,209.442284,103
2,214.8859524,104
2,223.7336568,105
2,219.555048,106
2,215.6354992,107
2,213.1667467,108
2,214.502604,109
2,216.6470183,110
2,217.0586598,111
2,219.4410339,112
2,209.2244071,113
2,202.206239,114
2,205.1707314,115
2,205.0181727,116
2,210.5458615,117
2,217.9812386,118
2,228.566713,119
2,226.4310164,120
2,224.8042249,121
2,213.6013549,122
2,219.3573741,123
2,209.9925387,124
2,212.483238,125
2,219.0629717,126
2,220.7893578,127
2,226.2810223,128
2,235.4219676,129
2,224.1291567,130
2,229.4674777,131
2,230.213149,132
2,225.0734193,133
2,215.2775497,134
2,207.5883,135
2,210.1852191,136
2,207.9772678,137
2,200.1003895,138
2,206.1255267,139
2,207.5516243,140
2,216.4084278,141
2,223.795861,142
2,231.6814071,143
2,241.6278927,144
2,240.1177537,145
2,229.5338742,146
2,235.6394424,147
2,245.6185499,148
2,247.7252503,149
2,248.9533886,150
2,259.9351206,151
2,250.4328325,152
2,237.9788636,153
2,228.0099723,154
2,221.2590628,155
2,213.2410574,156
2,206.6855923,157
2,200.8370987,158
2,192.824352,159
2,186.4520114,160
2,193.7034406,161
2,186.2913006,162
2,190.0761952,163
2,198.2093557,164
2,194.2281524,165
2,203.9053024,166
2,204.0315546,167
2,201.7772978,168
2,202.9307999,169
2,206.7352493,170
2,204.8585571,171
2,196.9301236,172
2,191.1827616,173
2,184.8462328,174
2,181.7376434,175
2,173.5245112,176
2,168.1850431,177
2,175.9298355,178
2,168.1997095,179
2,161.725212,180
2,169.5618414,181
2,166.1308239,182
2,170.699925,183
2,167.5690481,184
2,174.2526853,185
2,171.8243172,186
2,175.4343983,187
2,182.7597876,188
2,178.381164,189
2,177.2420354,190
2,177.5842045,191
2,180.2766843,192
2,176.5169767,193
2,173.9646343,194
2,167.6522113,195
2,172.7440612,196
2,177.2784356,197
2,177.6053247,198
2,184.4345449,199
2,177.6834045,200
2,168.8351268,201
2,168.1060906,202
2,164.9053295,203
2,163.6935319,204
2,162.9169163,205
2,165.305176,206
2,165.1569786,207
2,159.4315928,208
2,159.7028317,209
2,162.1742803,210
2,165.0763545,211
2,169.8781561,212
2,169.553904,213
2,175.0412833,214
2,166.6196073,215
2,158.4260176,216
2,154.2046667,217
2,157.8857663,218
2,157.5811926,219
2,152.8586077,220
2,153.5500601,221
2,148.163397,222
2,150.2928243,223
2,144.8241843,224
2,138.7817377,225
2,134.5446584,226
2,139.5651497,227
2,142.5748694,228
2,143.274546,229
2,144.8725619,230
2,149.0393327,231
2,150.9613907,232
2,149.5244464,233
2,152.5448701,234
2,151.6033906,235
2,144.3755381,236
2,143.8079244,237
2,136.9175172,238
2,130.2454732,239
2,125.4193456,240
2,125.8795101,241
2,127.5466042,242
2,124.6228734,243
2,127.5980763,244
2,121.7107784,245
2,126.6991476,246
2,125.85959,247
2,122.6201772,248
2,121.8168998,249
2,116.2780591,250
2,115.6946813,251
2,117.4114086,252
2,122.8297723,253
2,122.4637837,254
2,120.8611733,255
2,124.8356518,256
2,125.0953461,257
2,126.706719,258
2,131.8080848,259
2,127.2409305,260
2,122.7575937,261
2,121.3274348,262
2,126.2473714,263
2,130.0315478,264
2,135.5821992,265
2,131.6646891,266
2,129.611381,267
2,133.7489857,268
2,138.2722205,269
2,134.2824175,270
2,127.9758654,271
2,128.4661194,272
2,129.5181071,273
2,133.3036644,274
2,132.3367027,275
2,129.8217664,276
2,124.2681551,277
2,123.5745392,278
2,117.910419,279
2,112.2338631,280
2,107.144774,281
2,112.1389529,282
2,111.9404213,283
2,115.5726364,284
2,117.4827787,285
2,116.1519071,286
2,116.8584371,287
2,114.1315994,288
2,118.4744368,289
2,121.0867058,290
2,120.5017908,291
2,116.2186653,292
2,111.5650147,293
2,110.8893583,294
2,115.2427345,295
2,117.0473363,296
2,120.8565782,297
2,120.1172858,298
2,124.6922822,299
2,121.2547428,300
2,125.5133958,301
2,130.4117282,302
2,130.8013952,303
2,135.0372407,304
2,138.2745102,305
2,142.906173,306
2,141.093093,307
2,145.7873835,308
2,151.3671783,309
2,155.9716847,310
2,149.9789527,311
2,154.9621678,312
2,157.7708779,313
2,156.8869162,314
2,156.7572867,315
2,157.1618995,316
2,153.6241967,317
2,158.4247185,318
2,151.4810696,319
2,158.5347333,320
2,154.0297605,321
2,155.6342596,322
2,161.0335036,323
2,155.0698546,324
2,158.2277234,325
2,161.7620998,326
2,160.2674161,327
2,163.2153384,328
2,156.5550223,329
2,152.8880771,330
2,146.1922504,331
2,139.5599612,332
2,141.2588238,333
2,146.2216511,334
2,143.2007462,335
2,146.9343838,336
2,150.071768,337
2,151.7209196,338
2,147.9761034,339
2,141.5591035,340
2,145.7025004,341
2,143.7011697,342
2,140.7011139,343
2,145.2723093,344
2,143.34445,345
2,139.0838545,346
2,134.2798872,347
2,138.8132264,348
2,145.1712774,349
2,142.7587654,350
2,136.0787789,351
2,137.7390274,352
2,134.531368,353
2,140.4641763,354
2,135.2909525,355
2,135.0202186,356
2,137.6210565,357
2,143.6858939,358
2,140.8245148,359
2,147.1035347,360
2,150.1528412,361
2,154.8466772,362
2,148.2229733,363
2,145.2709789,364
2,146.9127363,365
2,154.1899808,366
2,154.6759346,367
2,158.1602201,368
2,165.4620915,369
2,167.3026206,370
2,169.362911,371
2,162.9816964,372
2,157.8871636,373
2,153.5280269,374
2,160.6873781,375
2,166.4497742,376
2,173.7461106,377
2,179.3020032,378
2,186.2927928,379
2,192.4449582,380
2,198.0961309,381
2,197.1699985,382
2,193.7867602,383
2,192.4959646,384
2,194.918378,385
2,186.4334567,386
2,189.6512717,387
2,196.2447859,388
2,197.6720838,389
2,205.6515533,390
2,214.958105,391
2,205.9871244,392
2,206.0602752,393
2,213.8288306,394
2,223.4777973,395
2,233.3784854,396
2,235.0372958,397
2,232.3025318,398
2,224.9026357,399
2,221.6661157,400
2,217.5206329,401
2,224.0837721,402
2,222.9760239,403
2,213.9545431,404
2,208.8176722,405
2,206.9026054,406
2,213.3619168,407
2,223.6834969,408
2,227.8253279,409
2,235.3208442,410
2,241.9882168,411
2,240.9442375,412
2,250.5336009,413
2,249.3825196,414
2,243.7968763,415
2,245.8694552,416
2,240.5987025,417
2,244.8557458,418
2,233.2282529,419
2,240.4667331,420
2,237.2842719,421
2,248.8132677,422
2,257.6378059,423
2,264.4977433,424
2,273.5254912,425
2,275.9611052,426
2,263.7321147,427
2,264.3048044,428
2,267.8763339,429
2,270.724131,430
2,281.2117433,431
2,284.499041,432
2,294.5372726,433
2,295.8631947,434
2,297.3132021,435
2,309.1742328,436
2,319.5990791,437
2,319.9458828,438
2,327.9931221,439
2,320.0809,440
2,325.5543526,441
2,334.7867416,442
2,342.6812754,443
2,333.3305855,444
2,335.162014,445
2,350.0616498,446
2,361.6595022,447
2,346.3076662,448
2,343.0801543,449
2,346.4723188,450
2,358.7083602,451
2,369.7679381,452
2,353.3129018,453
2,350.0526425,454
2,341.7430555,455
2,355.1291141,456
2,351.0321021,457
2,356.233173,458
2,344.5779001,459
2,361.6117217,460
2,344.2611376,461
2,348.4566119,462
2,355.7718819,463
2,349.5071267,464
2,338.8742817,465
2,335.9119962,466
2,340.3342294,467
2,329.8308655,468
2,319.4366852,469
2,303.8286843,470
2,289.9069569,471
2,285.8366945,472
2,295.8648137,473
2,291.996896,474
2,305.9261322,475
2,318.2236155,476
2,328.5314357,477
2,323.4082694,478
2,312.4547487,479
2,314.7670213,480
2,326.4902489,481
2,320.0361689,482
2,317.6491295,483
2,323.9419652,484
2,334.7427195,485
2,343.3427365,486
2,356.4298895,487
2,370.2782247,488
2,357.0631417,489
2,355.7165304,490
2,367.7901339,491
2,372.1405667,492
2,373.3708601,493
2,380.5149823,494
2,391.895587,495
2,380.2136346,496
2,379.0816598,497
2,374.3892673,498
2,379.5662619,499
2,388.8674344,500
4,413.3433601,1
4,419.2961663,2
4,412.9643359,3
4,393.800701,4
4,410.295143,5
4,409.4492206,6
4,416.8152526,7
4,397.8747135,8
4,389.2720431,9
4,384.5131071,10
4,400.1635554,11
4,410.0347095,12
4,409.2428684,13
4,414.230658,14
4,406.831927,15
4,402.0685065,16
4,405.1729304,17
4,391.1797837,18
4,377.6629756,19
4,380.5022163,20
4,395.503992,21
4,397.9984286,22
4,409.0617009,23
4,409.7133825,24
4,391.6330391,25
4,407.7942883,26
4,412.1988399,27
4,430.834357,28
4,447.6416822,29
4,447.2139392,30
4,433.3465929,31
4,448.8400051,32
4,470.9180716,33
4,490.0490759,34
4,471.9222671,35
4,462.364252,36
4,463.2975679,37
4,480.7277046,38
4,479.9281285,39
4,482.0449046,40
4,461.6969271,41
4,451.9446457,42
4,442.7761088,43
4,430.3181431,44
4,444.8043137,45
4,433.7056326,46
4,444.4055689,47
4,447.4234756,48
4,460.6343798,49
4,464.6457522,50
4,443.0360097,51
4,447.4239527,52
4,460.1389498,53
4,460.5258117,54
4,466.1316136,55
4,449.3119798,56
4,436.7435078,57
4,440.5499084,58
4,461.8237308,59
4,469.6882676,60
4,449.5698623,61
4,450.534059,62
4,443.5946407,63
4,441.8461436,64
4,428.0602448,65
4,416.7422753,66
4,428.9514649,67
4,426.2552949,68
4,445.6838147,69
4,452.8340553,70
4,440.7798668,71
4,447.9982538,72
4,448.5650848,73
4,456.9878747,74
4,442.6829735,75
4,448.0003991,76
4,428.2041331,77
4,443.8259471,78
4,434.8409631,79
4,443.8621442,80
4,456.412685,81
4,460.0236957,82
4,452.1623482,83
4,460.4919807,84
4,438.7367967,85
4,434.8360226,86
4,435.830224,87
4,455.9425305,88
4,473.8618239,89
4,464.5885151,90
4,450.9090034,91
4,447.4001933,92
4,446.6050344,93
4,463.523446,94
4,461.7206969,95
4,451.3307739,96
4,436.1606918,97
4,414.4069982,98
4,429.4874657,99
4,429.9658771,100
4,429.6268331,101
4,430.098908,102
4,448.6707261,103
4,449.135987,104
4,453.3265748,105
4,446.9137951,106
4,445.5695155,107
4,436.0700235,108
4,428.9397081,109
4,417.9362381,110
4,436.4861361,111
4,421.6328934,112
4,418.1738946,113
4,401.4569542,114
4,419.9188573,115
4,417.999485,116
4,425.3429201,117
4,432.0296348,118
4,424.5111678,119
4,414.289255,120
4,419.7010599,121
4,440.0365112,122
4,444.5291019,123
4,444.2165668,124
4,445.0924881,125
4,429.5306966,126
4,429.1412113,127
4,438.8839163,128
4,445.8203886,129
4,464.2050555,130
4,452.4070188,131
4,446.5649425,132
4,434.3213029,133
4,446.2321279,134
4,463.6747561,135
4,468.8947487,136
4,470.111448,137
4,464.7005012,138
4,461.2868467,139
4,477.0473037,140
4,494.6811872,141
4,504.1682741,142
4,519.5476688,143
4,534.5123143,144
4,535.8540328,145
4,519.1017774,146
4,513.7385061,147
4,520.1062191,148
4,516.5524355,149
4,515.0625854,150
4,517.0418191,151
4,540.1020847,152
4,531.218189,153
4,549.3484743,154
4,569.1727967,155
4,586.8748336,156
4,599.254559,157
4,603.1841268,158
4,593.5117552,159
4,605.9616133,160
4,581.5352391,161
4,575.2464796,162
4,583.1223799,163
4,587.7435279,164
4,576.6858067,165
4,581.6598733,166
4,555.2225255,167
4,559.6799832,168
4,571.1108327,169
4,545.671188,170
4,547.4088297,171
4,545.4934751,172
4,540.0466212,173
4,554.338642,174
4,557.4346979,175
4,583.7685503,176
4,574.149216,177
4,578.9089114,178
4,599.9384047,179
4,609.2461944,180
4,581.088228,181
4,588.7651154,182
4,560.8861718,183
4,562.4498239,184
4,535.9627945,185
4,513.7168735,186
4,534.9659743,187
4,523.5981404,188
4,510.4159054,189
4,527.2833732,190
4,526.427712,191
4,548.3489537,192
4,573.0697939,193
4,551.7149288,194
4,528.2625625,195
4,513.2184516,196
4,501.4847857,197
4,510.8703035,198
4,498.8194231,199
4,518.7676183,200
4,538.8839742,201
4,526.3367424,202
4,537.199098,203
4,533.5105727,204
4,514.3706366,205
4,517.814155,206
4,523.0131576,207
4,521.3904719,208
4,503.0528574,209
4,486.985971,210
4,505.46092,211
4,508.2438961,212
4,492.2988955,213
4,483.3947009,214
4,488.2084641,215
4,509.3347402,216
4,501.3017009,217
4,516.3935653,218
4,530.2125973,219
4,531.8800443,220
4,538.7252139,221
4,548.317283,222
4,522.3879554,223
4,539.5046626,224
4,552.7045979,225
4,551.2576631,226
4,553.5199292,227
4,568.212357,228
4,578.9328339,229
4,605.6704636,230
4,618.7394286,231
4,609.4169088,232
4,592.4865059,233
4,619.6596373,234
4,648.5123517,235
4,676.0501041,236
4,648.503335,237
4,656.8665943,238
4,631.4135063,239
4,651.25628,240
4,665.0817897,241
4,683.8660822,242
4,685.552211,243
4,693.0713716,244
4,705.4085156,245
4,712.9387431,246
4,701.4099664,247
4,719.5372561,248
4,716.2112021,249
4,720.8140117,250
4,690.6809893,251
4,662.2944286,252
4,659.8833023,253
4,663.8937115,254
4,687.3191486,255
4,709.2387278,256
4,713.6160495,257
4,682.3225744,258
4,673.291884,259
4,658.3567657,260
4,630.1482578,261
4,613.9029345,262
4,600.1070514,263
4,581.1030882,264
4,556.3734349,265
4,546.5508883,266
4,545.3553494,267
4,561.275872,268
4,541.4124884,269
4,517.1713626,270
4,518.7244473,271
4,522.8462026,272
4,541.4574706,273
4,560.4473109,274
4,586.7916158,275
4,600.6528492,276
4,620.6610237,277
4,590.6351564,278
4,580.7377808,279
4,576.7663034,280
4,575.654388,281
4,562.9189684,282
4,574.6523705,283
4,570.6621514,284
4,545.7469544,285
4,548.6421103,286
4,559.9199871,287
4,550.3012935,288
4,546.4872632,289
4,523.9370796,290
4,519.2346696,291
4,539.1971706,292
4,538.0518843,293
4,518.1183498,294
4,530.7273845,295
4,552.1424749,296
4,567.0367641,297
4,581.4649472,298
4,597.0766979,299
4,618.5424796,300
4,637.775871,301
4,632.6533628,302
4,615.4274863,303
4,641.6626375,304
4,664.7641222,305
4,642.4978025,306
4,626.2113613,307
4,652.8936068,308
4,626.7078456,309
4,630.1788631,310
4,654.0086811,311
4,659.3686745,312
4,641.9465865,313
4,656.6300228,314
4,653.3029725,315
4,675.6528441,316
4,666.8720344,317
4,688.3299463,318
4,700.6959531,319
4,675.8797771,320
4,644.5185013,321
4,635.6507221,322
4,638.0810257,323
4,647.2449442,324
4,675.4146607,325
4,667.0090597,326
4,654.0188064,327
4,624.6640874,328
4,628.5835098,329
4,651.2071962,330
4,659.6133234,331
4,670.9333009,332
4,650.8022917,333
4,673.874044,334
4,651.3331873,335
4,683.482215,336
4,699.3329309,337
4,702.3914442,338
4,669.6626226,339
4,643.4158966,340
4,634.9143544,341
4,610.0458694,342
4,617.554,343
4,588.9553164,344
4,592.3672181,345
4,613.1648956,346
4,609.9421614,347
4,583.2898194,348
4,580.557544,349
4,586.8627219,350
4,615.8686981,351
4,588.5264155,352
4,590.9501296,353
4,612.9992119,354
4,604.945187,355
4,593.4166511,356
4,579.2724716,357
4,573.4555049,358
4,550.7760513,359
4,578.1137036,360
4,553.2550636,361
4,568.3685108,362
4,595.4258791,363
4,583.8951793,364
4,606.2916374,365
4,610.4751636,366
4,635.4415836,367
4,622.1990888,368
4,649.8340344,369
4,673.4342352,370
4,695.9961739,371
4,706.3274834,372
4,693.9967728,373
4,694.8021191,374
4,662.5122599,375
4,639.8225073,376
4,631.8311163,377
4,662.4211164,378
4,676.9730929,379
4,645.8277784,380
4,667.4529969,381
4,690.4580539,382
4,694.2719642,383
4,661.9660726,384
4,683.798506,385
4,707.6013239,386
4,691.9648365,387
4,721.6646036,388
4,721.3093823,389
4,749.469472,390
4,723.8385236,391
4,701.7316858,392
4,667.6394377,393
4,668.4252941,394
4,659.0718263,395
4,686.8211197,396
4,662.9740633,397
4,693.9758574,398
4,686.2850986,399
4,660.9679658,400
4,640.9750239,401
4,613.5639095,402
4,586.022278,403
4,558.1345261,404
4,543.3395233,405
4,542.5785689,406
4,522.0379963,407
4,504.1360385,408
4,486.3828438,409
4,463.7648121,410
4,446.7259734,411
4,431.6619597,412
4,430.76329,413
4,449.8242464,414
4,463.4865568,415
4,474.2214763,416
4,465.0123982,417
4,473.0469654,418
4,469.9710686,419
4,474.9870184,420
4,456.827187,421
4,465.2021731,422
4,462.441651,423
4,482.4173513,424
4,495.4296198,425
4,483.7161788,426
4,493.8356582,427
4,507.4816622,428
4,497.032238,429
4,480.4691973,430
4,483.6378781,431
4,501.3635381,432
4,525.8777398,433
4,542.1449678,434
4,521.8637458,435
4,517.6124398,436
4,508.3248437,437
4,517.2055607,438
4,520.0824262,439
4,496.0583833,440
4,510.358245,441
4,494.3689252,442
4,475.0217845,443
4,480.8319905,444
4,498.8246033,445
4,477.0531804,446
4,480.3073893,447
4,469.7321364,448
4,459.691333,449
4,449.1796487,450
4,439.1259519,451
4,455.3198462,452
4,462.2801855,453
4,454.2516633,454
4,467.0992565,455
4,467.3209064,456
4,445.6193083,457
4,425.2060809,458
4,444.488929,459
4,439.4341853,460
4,445.3045293,461
4,431.9011526,462
4,448.4427815,463
4,464.8556541,464
4,451.7435372,465
4,463.2238995,466
4,450.1789323,467
4,468.1569677,468
4,483.0768358,469
4,490.0605088,470
4,509.3744248,471
4,494.2836439,472
4,498.2576393,473
4,490.4451534,474
4,495.6728552,475
4,496.5019552,476
4,490.5335307,477
4,498.9776379,478
4,514.3891266,479
4,500.8198625,480
4,484.0998072,481
4,478.6138611,482
4,477.310976,483
4,477.7564889,484
4,472.3061887,485
4,478.0065616,486
4,474.6105882,487
4,484.0821089,488
4,478.8031442,489
4,487.0289382,490
4,508.9896257,491
4,534.4179975,492
4,560.9661077,493
4,553.3046088,494
4,531.2501819,495
4,544.7555978,496
4,562.7319065,497
4,580.8139644,498
4,592.1698623,499
4,599.8222876,500
6,612.7713543,1
6,600.5828489,2
6,580.6515013,3
6,582.7397888,4
6,577.5171601,5
6,585.0267202,6
6,596.4496457,7
6,620.7235562,8
6,626.640674,9
6,611.0090385,10
6,582.43858,11
6,596.045223,12
6,567.6912257,13
6,549.9256863,14
6,544.3891237,15
6,548.1368171,16
6,567.3990287,17
6,592.9419594,18
6,583.4594403,19
6,574.4592604,20
6,599.9209038,21
6,607.8663656,22
6,615.7871012,23
6,639.666519,24
6,646.1674931,25
6,622.6567584,26
6,653.5101452,27
6,666.3847445,28
6,677.1960997,29
6,662.6942287,30
6,672.1432557,31
6,680.6310245,32
6,696.2830469,33
6,719.1586938,34
6,702.0658892,35
6,707.8525775,36
6,733.4061805,37
6,730.1491741,38
6,737.8493542,39
6,764.6082006,40
6,796.79591,41
6,782.7321256,42
6,793.3174542,43
6,832.3957652,44
6,813.4311027,45
6,791.4819731,46
6,793.3761427,47
6,820.6722686,48
6,817.7547334,49
6,833.1255069,50
6,833.8011939,51
6,839.0070822,52
6,828.539071,53
6,836.8682147,54
6,861.1316122,55
6,892.5781794,56
6,860.708105,57
6,870.9619223,58
6,897.3853487,59
6,865.7855336,60
6,901.7142573,61
6,886.2532903,62
6,911.4329562,63
6,912.725906,64
6,884.455914,65
6,857.1731036,66
6,887.4490973,67
6,873.9886804,68
6,911.9880609,69
6,938.8311638,70
6,912.0139621,71
6,900.1789909,72
6,904.9175795,73
6,891.8189453,74
6,854.1002348,75
6,858.3359373,76
6,849.7279197,77
6,843.6426573,78
6,856.4966141,79
6,890.7074263,80
6,858.3585537,81
6,900.4990069,82
6,918.9201182,83
6,894.7991683,84
6,878.8055194,85
6,913.8983151,86
6,959.1270022,87
6,947.136197,88
6,940.7138579,89
6,917.9516337,90
6,925.6046052,91
6,900.011237,92
6,900.0094941,93
6,943.372003,94
6,930.5597255,95
6,957.8699244,96
6,979.889888,97
6,966.9732823,98
6,961.1085139,99
6,990.0903905,100
6,1025.930869,101
6,1028.530985,102
6,979.8380675,103
6,943.690311,104
6,924.6883386,105
6,940.0654026,106
6,947.279855,107
6,913.1127944,108
6,923.6316172,109
6,962.5351717,110
6,937.7116044,111
6,895.5705443,112
6,925.0399103,113
6,911.6804542,114
6,916.1500443,115
6,892.8685576,116
6,865.7301228,117
6,836.5710486,118
6,873.2743144,119
6,874.8120688,120
6,866.9009421,121
6,867.1868537,122
6,842.0865341,123
6,850.4074924,124
6,841.6153885,125
6,806.4316954,126
6,779.2062241,127
6,769.9394328,128
6,763.4174555,129
6,796.6450141,130
6,800.8658764,131
6,768.3281785,132
6,765.6895944,133
6,735.5783714,134
6,751.7245685,135
6,771.5549708,136
6,753.3584326,137
6,747.7172594,138
6,747.0256983,139
6,735.7472246,140
6,739.8979108,141
6,726.0245749,142
6,736.1768943,143
6,714.121984,144
6,719.1562075,145
6,747.0963644,146
6,766.917561,147
6,772.6312202,148
6,747.2809134,149
6,765.3568402,150
6,758.6586452,151
6,732.8078908,152
6,710.0444116,153
6,731.9581714,154
6,755.2325918,155
6,724.4955339,156
6,691.7494186,157
6,688.5260554,158
6,685.4597754,159
6,698.4897085,160
6,732.4430123,161
6,728.1756019,162
6,694.2954566,163
6,687.8925418,164
6,716.4825743,165
6,718.1166394,166
6,750.548914,167
6,767.2761517,168
6,733.0232285,169
6,755.7396471,170
6,733.6484207,171
6,699.9392822,172
6,716.8432559,173
6,726.4409994,174
6,750.9119212,175
6,770.167263,176
6,739.7775121,177
6,771.0431634,178
6,743.0775773,179
6,743.0549509,180
6,771.6152086,181
6,790.116028,182
6,794.9226274,183
6,815.5004171,184
6,810.1399994,185
6,772.4738253,186
6,782.3241651,187
6,762.6488554,188
6,795.1708899,189
6,778.8840513,190
6,783.6934063,191
6,807.5350563,192
6,802.3761531,193
6,794.3559672,194
6,773.778437,195
6,778.9605423,196
6,767.2551531,197
6,795.3859988,198
6,804.7937415,199
6,829.8036262,200
6,828.2092937,201
6,838.9461031,202
6,843.2996542,203
6,861.0642508,204
6,873.4184117,205
6,911.1049925,206
6,881.785215,207
6,881.7720674,208
6,895.3105553,209
6,907.0363912,210
6,937.4428056,211
6,908.7736534,212
6,931.8555779,213
6,964.30765,214
6,983.308959,215
6,961.5338858,216
6,932.1356055,217
6,969.5390114,218
6,1003.3371,219
6,1007.167725,220
6,1011.274907,221
6,1013.591105,222
6,987.6292864,223
6,1029.563761,224
6,1057.684005,225
6,1025.224731,226
6,1039.141526,227
6,1025.195233,228
6,1028.705731,229
6,1034.083664,230
6,991.349418,231
6,1039.33992,232
6,1009.284521,233
6,977.6797634,234
6,1000.774292,235
6,1024.19563,236
6,1016.962367,237
6,1027.322719,238
6,979.8512585,239
6,1026.452931,240
6,1053.735471,241
6,1053.792506,242
6,1048.93918,243
6,1096.912988,244
6,1074.954964,245
6,1049.012099,246
6,1040.306124,247
6,1073.153205,248
6,1086.389293,249
6,1068.78929,250
6,1119.508271,251
6,1149.230218,252
6,1167.47454,253
6,1133.788876,254
6,1163.506837,255
6,1128.293129,256
6,1109.46742,257
6,1108.833044,258
6,1082.331532,259
6,1110.080854,260
6,1062.237506,261
6,1046.999112,262
6,1057.931565,263
6,1065.528458,264
6,1021.256291,265
6,1070.737083,266
6,1041.981586,267
6,1048.230125,268
6,1063.204535,269
6,1102.759315,270
6,1120.182032,271
6,1153.451951,272
6,1164.71682,273
6,1183.749449,274
6,1185.377592,275
6,1142.12922,276
6,1138.748774,277
6,1110.717356,278
6,1116.731465,279
6,1160.21989,280
6,1123.551939,281
6,1098.013674,282
6,1149.745542,283
6,1095.982154,284
6,1052.082462,285
6,1051.267193,286
6,1080.766822,287
6,1084.698806,288
6,1102.263032,289
6,1139.214673,290
6,1153.798879,291
6,1100.327272,292
6,1118.454774,293
6,1068.888705,294
6,1120.44031,295
6,1109.508401,296
6,1092.482314,297
6,1101.077331,298
6,1105.252981,299
6,1073.364528,300
6,1118.789429,301
6,1074.912192,302
6,1082.376632,303
6,1121.019237,304
6,1073.48523,305
6,1107.234631,306
6,1105.453093,307
6,1066.082721,308
6,1113.409044,309
6,1117.977594,310
6,1142.177077,311
6,1144.638123,312
6,1118.896233,313
6,1169.089247,314
6,1212.733254,315
6,1174.511747,316
6,1213.001466,317
6,1205.788599,318
6,1264.268804,319
6,1217.454717,320
6,1162.121099,321
6,1203.722808,322
6,1235.221173,323
6,1277.774169,324
6,1324.316176,325
6,1274.496398,326
6,1240.78608,327
6,1200.041135,328
6,1187.60829,329
6,1184.196356,330
6,1239.692443,331
6,1262.751395,332
6,1285.51845,333
6,1261.268011,334
6,1256.169958,335
6,1205.567169,336
6,1154.766885,337
6,1127.903644,338
6,1128.020663,339
6,1180.581174,340
6,1173.725145,341
6,1132.600713,342
6,1141.120192,343
6,1161.558655,344
6,1183.636818,345
6,1228.961052,346
6,1193.67995,347
6,1244.122799,348
6,1294.397942,349
6,1235.425503,350
6,1205.665701,351
6,1209.090432,352
6,1251.703576,353
6,1233.271295,354
6,1248.958726,355
6,1246.847981,356
6,1200.540833,357
6,1162.170068,358
6,1169.29078,359
6,1209.528556,360
6,1253.318989,361
6,1210.324866,362
6,1268.103692,363
6,1294.394104,364
6,1255.552721,365
6,1264.899827,366
6,1240.361647,367
6,1298.136748,368
6,1233.391759,369
6,1259.01262,370
6,1202.169603,371
6,1181.100854,372
6,1151.166368,373
6,1176.987887,374
6,1188.589,375
6,1194.557239,376
6,1209.912041,377
6,1233.788384,378
6,1227.883719,379
6,1231.032119,380
6,1204.9782,381
6,1239.215329,382
6,1199.512693,383
6,1148.808274,384
6,1158.146686,385
6,1138.324453,386
6,1161.584564,387
6,1145.653688,388
6,1197.869884,389
6,1156.13233,390
6,1122.099935,391
6,1115.516978,392
6,1093.340907,393
6,1130.086029,394
6,1173.53045,395
6,1186.654515,396
6,1181.820367,397
6,1169.133938,398
6,1177.618415,399
6,1213.360859,400
6,1212.468343,401
6,1212.481372,402
6,1195.236633,403
6,1154.106895,404
6,1128.65129,405
6,1106.347105,406
6,1084.121414,407
6,1037.238782,408
6,1034.087258,409
6,1083.097527,410
6,1055.789303,411
6,1017.154449,412
6,977.4341521,413
6,967.1063843,414
6,954.1186468,415
6,947.068003,416
6,936.7897138,417
6,931.9418645,418
6,977.3517215,419
6,973.6145343,420
6,977.2013311,421
6,1001.648599,422
6,1001.07307,423
6,987.692719,424
6,974.0908395,425
6,946.6081189,426
6,936.2040108,427
6,957.1817529,428
6,955.2586341,429
6,938.4651049,430
6,903.893817,431
6,948.8638189,432
6,970.9533015,433
6,929.0929377,434
6,886.6042359,435
6,921.0875464,436
6,953.1537303,437
6,969.6883545,438
6,961.0102234,439
6,987.7268998,440
6,977.1611178,441
6,985.9454209,442
6,970.538416,443
6,981.295473,444
6,991.4413197,445
6,990.1980703,446
6,985.1173726,447
6,987.4952175,448
6,1011.299723,449
6,981.8849059,450
6,972.3286566,451
6,993.5125712,452
6,1005.399824,453
6,1018.064959,454
6,1060.493725,455
6,1082.812419,456
6,1132.972618,457
6,1176.457227,458
6,1219.212757,459
6,1208.871529,460
6,1151.595998,461
6,1146.219806,462
6,1185.983459,463
6,1172.745686,464
6,1172.557746,465
6,1168.393819,466
6,1210.341535,467
6,1156.404587,468
6,1177.528229,469
6,1180.113464,470
6,1230.149975,471
6,1239.771946,472
6,1185.567728,473
6,1163.630621,474
6,1200.835088,475
6,1191.634326,476
6,1248.39799,477
6,1266.849155,478
6,1308.478592,479
6,1334.341178,480
6,1327.264268,481
6,1373.763144,482
6,1340.820534,483
6,1307.779941,484
6,1262.974639,485
6,1267.601557,486
6,1273.555299,487
6,1215.64003,488
6,1199.681301,489
6,1194.558239,490
6,1199.063268,491
6,1182.124353,492
6,1178.087735,493
6,1173.681258,494
6,1127.399484,495
6,1174.432767,496
6,1199.824837,497
6,1139.913204,498
6,1159.873518,499
6,1183.161377,500
8,836.9046497,1
8,869.4497008,2
8,844.8991115,3
8,835.3629615,4
8,820.2309743,5
8,827.2003192,6
8,838.9532699,7
8,832.2573737,8
8,850.718605,9
8,829.6878128,10
8,803.1423148,11
8,787.7406365,12
8,763.4962832,13
8,730.1650631,14
8,750.5075295,15
8,780.8282382,16
8,795.3364207,17
8,810.2627703,18
8,830.7014226,19
8,825.0939547,20
8,829.5961953,21
8,805.7392314,22
8,798.1855338,23
8,772.1903337,24
8,794.3382912,25
8,757.7331432,26
8,720.1032853,27
8,689.2909438,28
8,715.5907042,29
8,693.8773618,30
8,661.9880055,31
8,629.7682675,32
8,610.6055113,33
8,629.3660972,34
8,652.404018,35
8,674.181811,36
8,657.3020813,37
8,667.7161587,38
8,645.326368,39
8,663.4595447,40
8,686.176154,41
8,687.8768593,42
8,703.3093555,43
8,732.7637799,44
8,730.6118943,45
8,723.8432278,46
8,692.3205654,47
8,711.706423,48
8,723.4298696,49
8,687.6530936,50
8,697.3055573,51
8,664.7869577,52
8,664.1458859,53
8,647.0445165,54
8,621.5511457,55
8,639.3226958,56
8,643.8858136,57
8,653.7836845,58
8,628.0504282,59
8,608.4298057,60
8,601.8588712,61
8,605.3156144,62
8,633.8478726,63
8,653.4637187,64
8,639.1251512,65
8,652.9594432,66
8,643.725286,67
8,636.6840987,68
8,629.471189,69
8,635.3907577,70
8,624.9518295,71
8,607.6353768,72
8,614.9947005,73
8,618.5696629,74
8,614.4004526,75
8,596.2017109,76
8,579.7635062,77
8,562.4724617,78
8,583.5887933,79
8,583.5346576,80
8,572.0836926,81
8,597.6794371,82
8,615.8790835,83
8,602.5654234,84
8,604.4125282,85
8,616.9667008,86
8,622.8561228,87
8,635.2326196,88
8,651.1373955,89
8,665.1843094,90
8,676.7447477,91
8,665.1035585,92
8,671.2130226,93
8,671.4023139,94
8,684.5202794,95
8,651.22521,96
8,644.5138882,97
8,626.7277709,98
8,632.7378266,99
8,634.8450644,100
8,636.0334382,101
8,635.6166195,102
8,639.5526551,103
8,623.2592026,104
8,595.3848884,105
8,567.8321732,106
8,595.6859683,107
8,604.8202095,108
8,616.9826328,109
8,620.8303757,110
8,626.3111975,111
8,650.4429197,112
8,642.8153561,113
8,632.9866724,114
8,612.484986,115
8,606.5607035,116
8,595.1228651,117
8,608.4882325,118
8,624.481036,119
8,646.954247,120
8,618.147725,121
8,605.0290615,122
8,605.4206285,123
8,583.6904616,124
8,602.3021861,125
8,609.9751779,126
8,605.8258769,127
8,630.0936283,128
8,654.0210578,129
8,647.1159863,130
8,660.8798173,131
8,653.1126563,132
8,668.3140021,133
8,681.2883582,134
8,692.8643093,135
8,702.2795249,136
8,681.265012,137
8,647.6036689,138
8,635.3664019,139
8,609.6295032,140
8,625.3683378,141
8,600.8035755,142
8,599.3894073,143
8,576.5754504,144
8,595.3244305,145
8,573.659842,146
8,589.2038744,147
8,602.3450217,148
8,619.9945663,149
8,647.7689058,150
8,648.9232668,151
8,654.7672123,152
8,686.8470523,153
8,662.0148657,154
8,690.3913027,155
8,701.587367,156
8,698.4672605,157
8,714.7006171,158
8,717.7905873,159
8,699.0424933,160
8,708.7370393,161
8,696.4267573,162
8,721.9844415,163
8,718.9169596,164
8,730.4467007,165
8,710.642006,166
8,703.7693243,167
8,729.9641804,168
8,714.070127,169
8,731.159286,170
8,741.128062,171
8,725.5956937,172
8,709.2465585,173
8,721.2521095,174
8,744.0831236,175
8,750.3999408,176
8,764.5204835,177
8,757.0028577,178
8,770.5427434,179
8,787.2547941,180
8,825.6916035,181
8,849.3036516,182
8,826.7508207,183
8,788.9488066,184
8,783.9534576,185
8,788.2549289,186
8,752.2970331,187
8,740.8445525,188
8,730.3646653,189
8,744.5289727,190
8,751.365863,191
8,760.7445539,192
8,786.8071875,193
8,813.1908438,194
8,775.5243126,195
8,743.336106,196
8,765.7390674,197
8,759.9396493,198
8,749.9373785,199
8,768.6271702,200
8,793.3940255,201
8,807.8216476,202
8,785.6738414,203
8,766.0369469,204
8,795.1873783,205
8,791.4359756,206
8,825.0165102,207
8,806.8256361,208
8,791.4268667,209
8,770.8380318,210
8,733.8179237,211
8,766.3638231,212
8,800.2138788,213
8,792.6091167,214
8,756.7676976,215
8,786.1893467,216
8,764.7108308,217
8,796.9953085,218
8,791.5586973,219
8,789.5283279,220
8,789.3985875,221
8,772.3183743,222
8,777.8827297,223
8,770.8112841,224
8,748.9603318,225
8,767.3557188,226
8,772.0694086,227
8,771.3750729,228
8,784.1388623,229
8,785.1271705,230
8,797.1188784,231
8,770.7076267,232
8,788.885326,233
8,768.0676403,234
8,744.3882433,235
8,708.9016087,236
8,696.1505339,237
8,684.1948527,238
8,686.5532756,239
8,674.5963704,240
8,669.9044471,241
8,656.7896191,242
8,670.6714028,243
8,649.5557318,244
8,665.9471727,245
8,654.1546092,246
8,650.0505169,247
8,656.1165269,248
8,648.5045871,249
8,672.8098136,250
8,687.6880574,251
8,665.2141564,252
8,659.4404847,253
8,675.9168358,254
8,646.0165839,255
8,663.7680621,256
8,680.2071958,257
8,662.249881,258
8,679.2277841,259
8,668.9487903,260
8,643.2336732,261
8,670.3470547,262
8,699.607011,263
8,667.2400629,264
8,676.1324938,265
8,706.3723746,266
8,699.1097777,267
8,715.3303416,268
8,746.5715541,269
8,754.8297788,270
8,726.8716052,271
8,733.5271933,272
8,726.6969826,273
8,693.5788326,274
8,699.2913093,275
8,718.1819883,276
8,746.4279935,277
8,782.7529267,278
8,767.9360959,279
8,776.4050593,280
8,781.7159285,281
8,743.4415555,282
8,713.8283042,283
8,696.7403946,284
8,711.8329397,285
8,726.2225799,286
8,699.4575344,287
8,692.8461131,288
8,680.1652129,289
8,652.4459819,290
8,620.9790073,291
8,639.9628199,292
8,614.9070025,293
8,621.4612241,294
8,636.4091531,295
8,620.6783178,296
8,595.3767071,297
8,604.1005963,298
8,611.6911184,299
8,631.686536,300
8,610.3904846,301
8,587.0931063,302
8,611.8395422,303
8,623.0985708,304
8,597.6788597,305
8,593.8256066,306
8,575.4917561,307
8,602.0648885,308
8,610.5996576,309
8,606.4062542,310
8,601.0062445,311
8,629.0703543,312
8,637.9886373,313
8,653.7214066,314
8,656.8109349,315
8,628.6918758,316
8,623.0545566,317
8,617.8038278,318
8,636.5019901,319
8,654.4464417,320
8,630.4131859,321
8,599.7016638,322
8,607.529933,323
8,600.9326538,324
8,597.037672,325
8,615.8911521,326
8,633.060494,327
8,659.8168564,328
8,650.0258959,329
8,618.2878813,330
8,602.6876368,331
8,613.0686422,332
8,605.4738521,333
8,615.5782088,334
8,632.7847961,335
8,608.3020254,336
8,603.4566658,337
8,584.7319097,338
8,573.4720227,339
8,598.8683396,340
8,595.2960173,341
8,598.2699889,342
8,600.2391124,343
8,575.0964393,344
8,555.9769369,345
8,569.6175883,346
8,568.7407045,347
8,566.8849417,348
8,559.9701773,349
8,550.2352489,350
8,559.4599334,351
8,582.6698977,352
8,590.9692407,353
8,604.405261,354
8,598.1830706,355
8,582.8924387,356
8,589.5102856,357
8,567.3754923,358
8,566.873389,359
8,545.4696105,360
8,523.9472692,361
8,508.1088752,362
8,493.7726203,363
8,486.8026787,364
8,500.6499191,365
8,500.1135793,366
8,483.585314,367
8,493.549601,368
8,504.9819764,369
8,490.5407895,370
8,493.6844134,371
8,498.0546156,372
8,522.0112373,373
8,510.3242753,374
8,486.8216768,375
8,469.365854,376
8,479.3788971,377
8,475.2047165,378
8,468.1286425,379
8,460.0696404,380
8,453.8735369,381
8,435.848364,382
8,436.0997125,383
8,438.7721408,384
8,417.6519409,385
8,415.0237835,386
8,429.9499417,387
8,424.4395386,388
8,437.4467279,389
8,424.6888631,390
8,435.9912697,391
8,453.1626674,392
8,441.9229976,393
8,444.0556838,394
8,452.4807011,395
8,472.3247521,396
8,479.8413624,397
8,466.4384372,398
8,477.2789905,399
8,467.9517435,400
8,464.794597,401
8,484.2621756,402
8,504.3780807,403
8,496.6441203,404
8,513.496061,405
8,488.7745162,406
8,494.1819087,407
8,497.0731814,408
8,490.9838542,409
8,486.1201312,410
8,485.8338536,411
8,486.5346356,412
8,499.9951122,413
8,523.4354892,414
8,543.1913581,415
8,519.0097469,416
8,532.5425627,417
8,536.3471117,418
8,510.6020246,419
8,506.4618928,420
8,529.6978499,421
8,522.65975,422
8,534.4247123,423
8,524.2868443,424
8,513.7028858,425
8,527.1263265,426
8,517.7961283,427
8,531.2411026,428
8,528.3108172,429
8,534.072694,430
8,526.6764827,431
8,521.0909118,432
8,506.4912816,433
8,506.7274605,434
8,527.5941345,435
8,534.860303,436
8,559.8454148,437
8,572.5805223,438
8,588.0539484,439
8,592.4789628,440
8,597.2745315,441
8,603.4731219,442
8,605.0408231,443
8,606.1459912,444
8,582.8925398,445
8,608.8163232,446
8,622.389389,447
8,618.645728,448
8,637.6715335,449
8,606.9214525,450
8,613.398769,451
8,642.2107944,452
8,671.0191399,453
8,687.4179492,454
8,720.6583918,455
8,752.5190473,456
8,736.6980906,457
8,759.340276,458
8,741.2879839,459
8,746.3025143,460
8,716.7231902,461
8,724.17346,462
8,732.5424556,463
8,762.0156021,464
8,792.2377001,465
8,788.350125,466
8,811.9819692,467
8,803.984848,468
8,819.5647936,469
8,821.9931967,470
8,842.4210646,471
8,874.4844258,472
8,871.6303495,473
8,855.6717583,474
8,876.2781425,475
8,847.0701785,476
8,854.8159274,477
8,872.9706838,478
8,916.2022682,479
8,938.8307828,480
8,933.2543251,481
8,939.5569655,482
8,931.8633889,483
8,950.9697035,484
8,979.9581623,485
8,958.8257238,486
8,956.2809673,487
8,936.2686952,488
8,971.8860308,489
8,931.2358508,490
8,927.2002802,491
8,947.4604185,492
8,963.7965906,493
8,969.9405043,494
8,1006.912554,495
8,972.9961607,496
8,975.5180963,497
8,984.3569301,498
8,1004.298025,499
8,967.5899901,500
10,988.6718556,1
10,942.6548026,2
10,983.2298458,3
10,970.9758032,4
10,932.779313,5
10,947.2105206,6
10,973.599944,7
10,980.4598692,8
10,956.5939073,9
10,996.7727895,10
10,970.0991574,11
10,971.0807884,12
10,978.9594853,13
10,944.9311785,14
10,981.1120318,15
10,1028.684925,16
10,996.8974656,17
10,996.817945,18
10,1041.889951,19
10,1056.82862,20
10,1106.243734,21
10,1145.349118,22
10,1127.443765,23
10,1085.807529,24
10,1057.030383,25
10,1032.480468,26
10,988.4221255,27
10,966.5789132,28
10,971.1143998,29
10,995.9385029,30
10,958.4968564,31
10,978.7607709,32
10,980.9922223,33
10,967.8302526,34
10,945.9609824,35
10,951.3263863,36
10,915.6353601,37
10,938.9704281,38
10,964.943361,39
10,946.0345743,40
10,933.6847684,41
10,971.7351694,42
10,940.7334713,43
10,901.1534096,44
10,884.0440877,45
10,908.2137995,46
10,866.5121692,47
10,828.0925584,48
10,866.4835521,49
10,881.2371691,50
10,881.6124033,51
10,925.6603957,52
10,898.1753608,53
10,859.8274613,54
10,821.6893166,55
10,861.4359332,56
10,864.8171321,57
10,846.4869085,58
10,874.9075658,59
10,838.6751316,60
10,872.2137561,61
10,836.6824122,62
10,853.2668277,63
10,884.0317098,64
10,875.1887013,65
10,904.4391844,66
10,927.1617141,67
10,923.6862189,68
10,931.0596597,69
10,972.5649373,70
10,939.5606884,71
10,976.4171572,72
10,970.3408685,73
10,926.6273294,74
10,907.0167333,75
10,949.4710157,76
10,987.8623137,77
10,997.4800325,78
10,975.3924443,79
10,972.2388716,80
10,998.4408465,81
10,1029.912195,82
10,1075.746027,83
10,1106.526933,84
10,1152.060992,85
10,1142.452013,86
10,1136.879516,87
10,1165.946854,88
10,1198.704272,89
10,1254.265519,90
10,1281.664954,91
10,1344.120101,92
10,1336.782057,93
10,1383.877902,94
10,1380.400356,95
10,1414.653601,96
10,1464.436232,97
10,1524.343256,98
10,1548.349886,99
10,1538.805332,100
10,1471.505375,101
10,1453.18024,102
10,1525.808608,103
10,1461.091384,104
10,1427.341646,105
10,1362.656115,106
10,1424.755098,107
10,1408.788606,108
10,1355.818864,109
10,1352.85988,110
10,1293.022339,111
10,1290.79841,112
10,1261.927639,113
10,1270.401561,114
10,1229.527884,115
10,1206.090441,116
10,1245.45156,117
10,1240.570864,118
10,1287.008941,119
10,1277.264189,120
10,1215.081153,121
10,1246.176519,122
10,1274.825393,123
10,1338.215129,124
10,1404.938825,125
10,1384.104355,126
10,1452.081219,127
10,1473.881509,128
10,1496.559618,129
10,1423.401557,130
10,1379.898685,131
10,1399.145961,132
10,1357.929894,133
10,1405.436989,134
10,1390.683308,135
10,1444.973087,136
10,1462.265543,137
10,1489.000707,138
10,1441.167405,139
10,1487.7596,140
10,1544.177295,141
10,1547.781281,142
10,1597.518328,143
10,1552.52124,144
10,1608.263587,145
10,1674.160074,146
10,1718.885131,147
10,1664.148391,148
10,1583.06439,149
10,1551.09357,150
10,1621.213581,151
10,1650.065571,152
10,1696.850656,153
10,1685.222406,154
10,1738.702487,155
10,1764.356393,156
10,1745.811976,157
10,1749.47766,158
10,1835.456223,159
10,1834.430998,160
10,1776.612119,161
10,1722.676828,162
10,1743.88283,163
10,1662.578905,164
10,1643.510505,165
10,1657.934102,166
10,1583.143834,167
10,1631.026584,168
10,1600.526452,169
10,1585.590077,170
10,1589.042271,171
10,1568.514353,172
10,1543.969271,173
10,1570.995975,174
10,1538.193407,175
10,1576.291043,176
10,1650.997569,177
10,1681.243194,178
10,1697.399308,179
10,1655.720615,180
10,1622.374205,181
10,1599.216296,182
10,1593.290029,183
10,1570.421683,184
10,1610.057047,185
10,1613.107019,186
10,1662.964286,187
10,1598.267767,188
10,1671.632144,189
10,1599.166314,190
10,1650.71233,191
10,1661.677519,192
10,1702.076609,193
10,1785.021614,194
10,1701.938187,195
10,1657.979317,196
10,1584.121291,197
10,1531.864385,198
10,1469.322626,199
10,1540.831367,200
10,1466.955611,201
10,1493.880773,202
10,1481.056229,203
10,1432.779055,204
10,1407.356304,205
10,1464.268366,206
10,1464.815251,207
10,1397.079997,208
10,1424.526068,209
10,1456.520474,210
10,1417.405746,211
10,1379.215196,212
10,1348.632495,213
10,1339.498588,214
10,1315.196472,215
10,1294.026268,216
10,1287.893131,217
10,1321.133954,218
10,1313.726529,219
10,1302.239296,220
10,1239.49185,221
10,1257.849645,222
10,1245.269969,223
10,1278.165499,224
10,1335.115205,225
10,1374.369952,226
10,1310.262782,227
10,1313.668785,228
10,1373.363987,229
10,1417.51564,230
10,1350.724253,231
10,1368.714713,232
10,1404.866831,233
10,1455.277067,234
10,1464.892753,235
10,1392.03829,236
10,1442.599069,237
10,1422.617501,238
10,1386.053318,239
10,1330.640819,240
10,1328.605144,241
10,1384.478846,242
10,1407.53915,243
10,1360.079816,244
10,1316.057514,245
10,1338.677922,246
10,1288.837362,247
10,1237.491754,248
10,1246.556552,249
10,1301.470218,250
10,1312.686416,251
10,1267.986068,252
10,1248.50452,253
10,1283.538527,254
10,1279.486569,255
10,1333.096027,256
10,1312.209404,257
10,1293.838928,258
10,1332.531964,259
10,1310.092891,260
10,1367.10886,261
10,1420.359848,262
10,1480.793564,263
10,1449.941206,264
10,1457.750645,265
10,1496.846229,266
10,1470.893146,267
10,1526.693503,268
10,1481.299067,269
10,1537.128229,270
10,1572.513607,271
10,1608.100769,272
10,1580.774625,273
10,1573.750349,274
10,1618.497017,275
10,1664.010056,276
10,1630.572287,277
10,1649.105664,278
10,1617.994412,279
10,1547.455261,280
10,1496.408029,281
10,1452.171035,282
10,1386.440729,283
10,1372.988751,284
10,1319.295989,285
10,1325.415594,286
10,1299.71269,287
10,1349.234014,288
10,1397.385841,289
10,1367.665103,290
10,1404.564059,291
10,1341.781315,292
10,1286.441592,293
10,1264.109204,294
10,1227.293548,295
10,1266.546773,296
10,1217.839869,297
10,1158.840343,298
10,1186.594424,299
10,1127.45699,300
10,1178.506966,301
10,1191.508635,302
10,1138.816384,303
10,1115.893769,304
10,1109.890081,305
10,1120.292639,306
10,1108.041133,307
10,1054.82663,308
10,1049.877601,309
10,1024.800319,310
10,1059.383159,311
10,1075.229317,312
10,1035.520812,313
10,985.0448625,314
10,971.3120234,315
10,938.6486377,316
10,954.0920129,317
10,924.9995192,318
10,913.9295572,319
10,946.9698473,320
10,925.8842812,321
10,947.0783995,322
10,942.2936241,323
10,906.182364,324
10,929.4993062,325
10,906.0540831,326
10,864.7972779,327
10,893.0774728,328
10,854.0207971,329
10,865.4677861,330
10,832.3166578,331
10,831.9867272,332
10,870.3588348,333
10,884.625595,334
10,895.5454907,335
10,858.6711825,336
10,897.3948254,337
10,908.7349311,338
10,921.7228736,339
10,894.496153,340
10,859.6971821,341
10,851.7578912,342
10,870.4443921,343
10,885.9575825,344
10,850.9001188,345
10,868.803826,346
10,910.5612632,347
10,871.6084599,348
10,860.7290841,349
10,861.7965079,350
10,903.435006,351
10,904.9526156,352
10,901.7418469,353
10,928.3870757,354
10,928.4937452,355
10,916.9380142,356
10,941.3148646,357
10,927.7413794,358
10,919.8488882,359
10,897.9454985,360
10,904.9920067,361
10,911.9083769,362
10,884.403601,363
10,862.6989519,364
10,823.5550207,365
10,835.5828929,366
10,810.5746409,367
10,828.0551912,368
10,846.2489417,369
10,847.5092648,370
10,876.6486139,371
10,907.6888354,372
10,882.5660328,373
10,915.4621689,374
10,880.8009028,375
10,850.3838977,376
10,887.1049,377
10,886.3459067,378
10,899.0890537,379
10,860.5073013,380
10,892.4762854,381
10,884.1605509,382
10,861.3135271,383
10,838.3508857,384
10,867.3094742,385
10,896.1039604,386
10,867.5630794,387
10,824.6082339,388
10,842.3946119,389
10,829.9397819,390
10,853.7606668,391
10,842.9135546,392
10,869.1035723,393
10,892.472155,394
10,906.7045855,395
10,890.1416436,396
10,870.8390087,397
10,852.6017714,398
10,866.8798852,399
10,840.5826767,400
10,811.8392276,401
10,826.0187516,402
10,802.1492966,403
10,789.1534672,404
10,810.1092785,405
10,836.1579158,406
10,858.8382422,407
10,892.6697236,408
10,871.7949576,409
10,850.8858274,410
10,832.9188315,411
10,846.2649588,412
10,809.6276312,413
10,769.9793033,414
10,789.759835,415
10,773.3020443,416
10,794.6363911,417
10,779.5175968,418
10,815.3397068,419
10,813.0161671,420
10,834.5747739,421
10,872.5781747,422
10,850.8883811,423
10,844.5338819,424
10,862.0156267,425
10,825.9724326,426
10,853.5271842,427
10,847.6224728,428
10,835.3439347,429
10,846.2955817,430
10,825.5756952,431
10,845.6408289,432
10,860.592209,433
10,901.360377,434
10,862.8135858,435
10,877.7761838,436
10,891.8034441,437
10,861.7318416,438
10,889.8204359,439
10,847.549471,440
10,849.506862,441
10,831.5639552,442
10,861.6135119,443
10,858.323158,444
10,862.5543565,445
10,845.5458191,446
10,815.8718482,447
10,815.181607,448
10,849.6205186,449
10,847.6863105,450
10,810.7418409,451
10,828.6873697,452
10,833.8044365,453
10,805.7020148,454
10,776.7482522,455
10,748.7471529,456
10,729.2556336,457
10,751.8996331,458
10,758.9493685,459
10,771.7010274,460
10,809.2447359,461
10,796.7159961,462
10,778.2876087,463
10,758.2451774,464
10,772.4241096,465
10,808.3331937,466
10,802.8115644,467
10,819.7672609,468
10,809.4679649,469
10,825.5202454,470
10,798.9251302,471
10,827.5367893,472
10,804.0728789,473
10,821.7933725,474
10,790.6390979,475
10,820.3608307,476
10,847.9625889,477
10,849.9561195,478
10,884.8497696,479
10,861.1429833,480
10,887.0491926,481
10,929.6417492,482
10,894.9457816,483
10,913.3018372,484
10,916.2434231,485
10,939.4135134,486
10,945.4721176,487
10,930.3191223,488
10,889.1663078,489
10,845.0096083,490
10,861.0569893,491
10,891.7641648,492
10,932.4259954,493
10,949.7411224,494
10,918.6520984,495
10,873.4444161,496
10,873.5160266,497
10,916.1766121,498
10,944.9153699,499
10,986.2899785,500
